fCpGs,MCL-001,MCL-002,MCL-003,MCL-005,MCL-009,MCL-010,MCL-011,MCL-012,MCL-084,MCL-087,MCL-088,MCL-090,MCL-091,MCL-093,MCL-094,MCL-097,MCL-098,MCL-099,MCL-101,MCL-102,MCL-107,MCL-108,MCL-109,MCL-110,MCL-111,MCL-113,MCL-114,MCL-115,MCL-116,MCL-117,MCL-118,MCL-119,MCL-120,MCL-121,MCL-122,MCL-125,MCL-126,MCL-127,MCL-128,MCL-129,MCL-130,MCL-131,MCL-132,MCL-133,MCL-134,MCL-135,MCL-136,MCL-137,MCL-138,MCL-139,MCL-140,MCL-141,MCL-143,MCL-144,MCL-147,MCL-149,MCL-150,MCL-151,MCL-153,MCL-154,MCL-155
cg00405069,,,,,,,,,,,,,,,Loss,,Loss,,,,,,,,,,,,,,,,,,,,,,,,,,,,,,,,,Loss,,,,,,,,,,,
cg00597687,,,,,,,,,,,Loss,,,,Loss,,Loss,,,,Loss,,,,,,,,,,,Loss,,,,,,Loss,,,,,,,,,,,,Loss,,,,,,,,,,,
cg00729875,,,,Loss,,,,Loss,,,Loss,,,,Loss,,Loss,Loss,Loss,,Loss,,,Loss,,,,,,,,Loss,,Loss,,,,Loss,Loss,,Loss,,,,,,,,,Loss,,,,,,,Loss,Loss,,,
cg01730064,,,,,,,,,,,,,,,,,,,,,,,,,,,,,,,,,,,,,,,,,,,,,,,,Loss,,,,,,,,,,,,,
cg01768082,,,,,,,,,,,,,,,,,,,,,,,,,,,,,,,,,,,,,,,,,,,,,,,,,,,,,,,,,,,,,
cg01811796,,,,,,,,,,,,,,,,,,,,,,,,,,,,,,,,,,,,,,,,,,,,,,,,,,,,,,,,,,,,,
cg01815720,,,,,,,,,,,,,,,,,,,,,,,,,,,,,,,,,,,,,,,,,,,,,,,,,,,,,,,,,,,,,
cg01894875,,,,,,,,,,,,,,,,,,,,,,,,,,,,,,,,,,,,,,,,,,,,,,,,,,,,,,,,,Loss,,,,
cg01963297,,,,,,,,,,,,,,,,,,,,,,,,,,,,,,,,,,,,,,,,,,,,,,,,,Loss,,,,,,,,,,,,
cg02012159,,,,,,,,,,,,,,,,,,,,,,,,,,,,,,,,,,,,,,,,,,,,,,,,Loss,,,,,,,,,,,,,
cg02605776,,,,Loss,,,,Loss,,,,,,,,,,,Loss,,,,,Loss,,,,,,,,Loss,,Loss,,,,,,,Loss,,,,,,,,,Loss,,,,,,,Loss,Loss,,,
cg02851558,,,,,,,,,,,,,,,,,,,,,,,,,,,,,,,,,,,,,,,,,,,,,,,,,,,,,,,,,,,,,
cg03390245,,,,,,,,,,,,,,,,,,,,,,,,,,,,,,,,,,,,,,,,,,,,,,,,,Loss,,,,,,,,,,,,
cg03948781,,,,,,,,,,,,,,,,,,,,,,,,,,,,,,,,,,,,,,,,,Gain,,,,,,,,,,,,,,,,,,,,
cg04415780,,,,,,,,,,,,,,,,,,,,,,,,,,,,,,,,,,,,,,,,,,,,,,,,,Loss,,,,,,,,,,,,
cg04673462,,,,,,,,,,,,,,,,,,,,,,,,,,,,,,,,,,,,,,,,,,,,,,,,,,,,,,,,,,,,,
cg04843111,,,,,,,,,,,,,,,,,,,,,,,,,,,,,,,,,,,,,,,,,,,,,,,,,Loss,,,,,,,,,,,,
cg04896168,,,,Loss,,,,Loss,,,Loss,,,,Loss,,Loss,,Loss,,Loss,,,,,,,,,,,Loss,,Loss,,,,Loss,Loss,,,,,,,,,,,Loss,,,,,,,Loss,,,,
cg05129477,,,,,,,,,,,,,,,,,,,,,,,,,,,,,,,,,,,,,,,,,,,,,,,,,,,,,,,,,,,,,
cg05694621,,,,Loss,,,,,,,Loss,,,,Loss,,Loss,,,,Loss,,,Loss,,,,,,,,Loss,,Loss,,,,Loss,Loss,,,,,,,,,,,Loss,,,,,,,,,,,
cg05821046,,,,,,,,,,,,,,,Loss,,Loss,,,,,,,,,,,,,,,,,,,,,,,,,,,,,,,,,Loss,,,,,,,,,,,
cg05843457,,,,,,,,,,,,,,,,,,,,,,,,,,,,,,,,,,,,,,,,,,,,,,,,,,,,,,,,,,,,,
cg06036677,,,,,,,,,,,,,,,,,,,,,,,,,,,,,,,,,,,,,,,,,,,,,,,,,,,,,,,,,,,,,
cg06320401,,,,,,,,,,,,,,,,,,,,,,,,,,,,,,,,,,,,,,,,,,,,,,,,,,,,,,,,,,,,,
cg06770735,,,,,,,,,,,,,,,,,,,,,,,,,,,,,,,,,,,,,,,,,,,,,,,,,,,,,,,,,,,,,
cg06775570,,,,,,,,,,,,,,,,,,,,,,,,,,,,,,,,,,,,,,,,,,,,,,,,,,,,,,,,,,,,,
cg06939851,,,,,,,,,,,,,,,,,,,,,,,,,,,,,,,,,,,,,,,,,,,,,,,,Loss,,,,,,,,,,,,,
cg07580762,,,,,,,,,,,,,,,,,,,,,,,,,,,,,,,,,,,,,,,,,,,,,,,,,,,,,,,,,,,,,
cg07981328,,,,,,,,,,,,,,,,,,,,,,,,,,,,,,,,,,,,,,,,,,,,,,,,,,,,,,,,,,,,,
cg08133631,,,,,,,,,,,,,,,Loss,,,,,,,,,,,,,,,,,,,,,,,,,,,,,,,,,,,,,,,,,,,,,,
cg08134856,,,,,,,,,,,,,,,,,,,,,,,,,,,,,,,,,,,,,,,,,,,,,,,,,,,,,,,,,,,,,
cg08477332,,,,,,,,,,,,,,,,,,,,,,,,,,,,,,,,,,,,,,,,,,,,,,,,,,,,,,,,,,,,,
cg08706567,,,,,,,,,,,,,,,,,,,,,,,,,,,,,,,,,,,,,,,,,,,,,,,,,,,,,,,,,,,,,
cg08808724,,,,,,,,,,,,,,,,,,,,,,,,,,,,,,,,,,,,,,,,,,,,,,,,,,,,,,,,,,,,,
cg09037777,,,,,,,,,,,,,,,,,,,,,,,,,,,,,,,,,,,,,,,,,,,,,,,,,Loss,,,,,,,,,,,,
cg09368716,,,,,,,,,,,,,,,,,,,,,,,,,,,,,,,,,,,,,,,,,,,,,,,,,,,,,,,,,,,,,
cg09815769,,,,,,,,,,,,,,,,,Loss,,,,,,,Loss,,,,,,,,Loss,,,,,,,,,,,,,,,,,,,,,,,,,,,,,
cg09847153,,,,,,,,,,,,,,,,,,,,,,,,,,,,,,,,,,,,,,,,,,,,,,,,,,,,,,,,,,,,,
cg10092377,,,,,,,,,,,,,,,,,,,,,,,,,,,,,,,,,,,,,,,,,,,,,,,,,,,,,,,,,,,,,
cg10126324,,,,,,,,,,,,,,,,,,,,,,,,,,,,,,,,,,,,,,,,,,,,,,,,,,,,,,,,,,,,,
cg10593400,,,,Loss,,,,Loss,,,Loss,,,,Loss,,Loss,,Loss,,Loss,,,,,,,,,,,Loss,,Loss,,,,Loss,Loss,,,,,,,,,,,Loss,,,,,,,Loss,,,,
cg10963061,,,,,,,,,,,,,,,,,,,,,,,,,,,,,,,,,,,,,,,,,,,,,,,,,,,,,,,,,,,,,
cg12051614,,,,,,,,,,,,,,,,,,,,,,,,,,,,,,,,,,,,,,,,,,,,,,,,,,,,,,,,,,,,,
cg12208770,,,,,,,,,,,,,,,,,,,,,,,,,,,,,,,,,,,,,,,,,,,,,,,,,,,,,,,,,,,,,
cg12410921,,,,,,,,,,,,,,,,,,,,,,,,,,,,,,,,,,,,,,,,,,,,,,,,,,,,,,,,,,,,,
cg12726839,,,,,,,,,,,,,,,,,,,,,,,,,,,,,,,,,,,,,,,,,,,,,,,,,,,,,,,,,,,,,
cg13229857,,,,,,,,,,,,,,,,,,,,,,,,,,,,,,,,,,,,,,,,,,,,,,,,,,,,,,,,,,,,,
cg13354934,,,,,,,,,,,,,,,,,,,,,,,,,,,,,,,,,,,,,,,,,,,,,,,,,,,,,,,,,,,,,
cg13393721,,,,,,,,,,,,,,,,,,,,,,,,,,,,,,,,,,,,,,,,,,,,,,,,,,,,,,,,,,,,,
cg13885623,,,,,,,,,,,,,,,,,,,,,,,,,,,,,,,,,,,,,,,,,,,,,,,,,,,,,,,,,,,,,
cg13986762,,,,,,,,,,,,,,,,,,,,,,,,,,,,,,,,,,,,,,,,,,,,,,,,Loss,,,,,,,,,,,,,
cg14076729,,,,,,,,,,,,,,,,,,,,,,,,,,,,,,,,,,,,,,,,,,,,,,,,,,,,,,,,,,,,,
cg14099468,,,,,,,,,,,,,,,,,,,,,,,,,,,,,,,,,,,,,,,,,,,,,,,,Loss,,,,,,,,,,,,,
cg14159672,,,,,,,,,,,,,,,,,,,,,,,,,,,,,,,,,,,,,,,,,Gain,,,,,,,Loss,,,,,,,,,,,,,
cg14523898,,,,,,,,,,,,,,,,,,,,,,,,,,,,,,,,,,,,,,,,,,,,,,,,,,,,,,,,,,,,,
cg14893161,,,,,,,,,,,,,,,,,,,,,,,,,,,,,,,,,,,,,,,,,Gain,,,,,,,Loss,,,,,,,,,,,,,
cg15546227,,,,,,,,,,,,,,,Loss,,Loss,,,,,,,,,,,,,,,Loss,,,,,,,,,,,,,,,,,,Loss,,,,,,,,,,,
cg15986668,,,,,,,,,,,,,,,,,,,,,,,,,,,,,,,,,,,,,,,,,,,,,,,,,,,,,,,,,,,,,
cg16029875,,,,,,,,,,,,,,,,,,Gain,,,,,,,,,,,,,,,,,,,,,,,,,,,,,,,,,,,,,,,,,,,
cg16342298,,,,,,,,,,,,,,,,,,,,,,,,,,,,,,,,,,,,,,,,,,,,,,,,,,,,,,,,,,,,,
cg16526047,,,,,,,,,,,,,,,,,,,,,,,,,,,,,,,,,,,,,,,,,,,,,,,,,,,,,,,,,,,,,
cg16585234,,,,,,,,,,,,,,,,,,,,,,,,,,,,,,,,,,,,,,,,,,,,,,,,,,,,,,,,,,,,,
cg17083209,,,,Loss,,,,Loss,,,Loss,,,,Loss,,Loss,,Loss,,Loss,,,,,,,,,,,Loss,,Loss,,,,Loss,Loss,,,,,,,,,,,Loss,,,,,,,Loss,,,,
cg17108141,,,,Loss,,,,Loss,,,Loss,,,,Loss,,Loss,,Loss,,Loss,,,,,,,,,,,Loss,,Loss,,,,Loss,Loss,,,,,,,,,,,Loss,,,,,,,Loss,,,,
cg17132079,,,,,,,,,,,,,,,,,,,,,,,,,,,,,,,,,,,,,,,,,,,,,,,,,,,,,,,,,,,,,
cg17178900,,,,,,,,,,,,,,,,,,,,,,,,,,,,,,,,,,,,,,,,,Gain,,,,,,,Loss,,,,,,,,,,,,,
cg17428085,,,,,,,,,,,,,,,,,,,,,,,,,,,,,,,,,,,,,,,,,,,,,,,,,,,,,,,,,,,,,
cg17434008,,,,,,,,,,,,,,,,,,,,,,,,,,,,,,,,,,,,,,,,,,,,,,,,,,,,,,,,,,,,,
cg17742781,,,,,,,,,,,,,,,Loss,,Loss,,,,,,,,,,,,,,,,,,,,,,Homozygous Loss,,,,,,,,,,,,,,,,,,,,,,
cg17935233,,,,,,,,,,,,,,,,,,,,,,,,,,,,,,,,,,,,,,,,,,,,,,,,,Loss,,,,,,,,,,,,
cg18086868,,,,,,,,,,,,,,,,,,,,,,,,,,,,,,,,,,,,,,,,,,,,,,,,Loss,,,,,,,,,,,,,
cg18143535,,,,Loss,,,,Loss,,,Loss,,,,Loss,,Loss,Loss,Loss,,Loss,,,Loss,,,,,,,,Loss,,Loss,,,,Loss,Loss,,,,,,,,,,,Loss,,,,,,,Loss,Loss,,,
cg18174678,,,,,,,,,,,,,,,,,,,,,,,,,,,,,,,,,,,,,,,,,,,,,,,,,,,,,,,,,,,,,
cg18224942,,,,,,,,,,,,,,,,,,,,,,,,,,,,,,,,,,,,,,,,,,,,,,,,,,,,,,,,,,,,,
cg18438591,,,,,,,,,,,,,,,,,,,,,,,,,,,,,,,,,,,,,,,,,Gain,,,,,,,Loss,,,,,,,,,,,,,
cg18931815,,,,,,,,,,,,,,,,,,,,,,,,,,,,,,,,,,,,,,,,,,,,,,,,,,,,,,,,,,,,,
cg19321979,,,,,,,,,,,,,,,,,,,,,,,,,,,,,,,,,,,,,,,,,,,,,,,,,Loss,,,,,,,,,,,,
cg19633205,,,,,,,,,,,,,,,,,,,,,,,,,,,,,,,,,,,,,,,,,,,,,,,,,,,,,,,,,,,,,
cg20312132,,,,,,,,,,,,,,,,,,,,,,,,,,,,,,,,,,,,,,,,,,,,,,,,,,,,,,,,,,,,,
cg20433858,,,,,,,,,,,,,,,,,,,,,,,,,,,,,,,,,,,,,,,,,,,,,,,,Loss,,,,,,,,,,,,,
cg20704450,,,,,,,,,,,,,,,,,,,,,,,,,,,,,,,,,,,,,,,,,,,,,,,,Loss,,,,,,,,,,,,,
cg21151355,,,,,,,,,,,,,,,,,,,,,,,,,,,,,,,,,,,,,,,,,,,,,,,,,,,,,,,,,,,,,
cg21397540,,,,,,,,,,,,,,,,,,,,,,,,,,,,,,,,,,,,,,,,,,,,,,,,Loss,,,,,,,,,,,,,
cg21691116,,,,,,,,,,,,,,,,,,,,,,,,,,,,,,,,,,,,,,,,,,,,,,,,,,,,,,,,,,,,,
cg22077361,,,,,,,,,,,,,,,,,,,,,,,,,,,,,,,,,,,,,,,,,,,,,,,,,,,,,,,,,,,,,
cg22345063,,,,,,,,,,,,,,,,,,,,,,,,,,,,,,,,,,,,,,,,,,,,,,,,,,,,,,,,,,,,,
cg22374525,,,,,,,,Loss,,,,,,,,,Loss,,,,,,,Loss,,,,,,,,Loss,,,,,,,,,Loss,,,,,,,,,,,,,,,,Loss,Loss,,,
cg22697853,,,,,,,,,,,,,,,,,,,,,,,,,,,,,,,,,,,,,,,,,,,,,,,,,,,,,,,,,,,,,
cg22698629,,,,,,,,,,,,,,,,,,,,,,,,,,,,,,,,,,,,,,,,,,,,,,,,,,,,,,,,,,,,,
cg22941637,,,,,,,,,,,,,,,,,,,,,,,,,,,,,,,,,,,,,,,,,,,,,,,,,Loss,,,,,,,,,,,,
cg23288755,,,,,,,,,,,,,,,,,,,,,,,,,,,,,,,,,,,,,,,,,,,,,,,,,,,,,,,,,Loss,,,,
cg23615892,,,,,,,,,,,,,,,,,,,,,,,,,,,,,,,,,,,,,,,,,,,,,,,,Loss,,,,,,,,,,,,,
cg23627354,,,,Loss,,,,Loss,,,Loss,,,,Loss,,Loss,,Loss,,Loss,,,,,,,,,,,Loss,,Loss,,,,Loss,Loss,,,,,,,,,,,Loss,,,,,,,Loss,,,,
cg23640929,,,,,,,,,,,,,,,,,,,,,,,,,,,,,,,,,,,,,,,,,,,,,,,,,Loss,,,,,,,,,,,,
cg23656015,,,,,,,,,,,,,,,,,,,,,,,,,,,,,,,,,,,,,,,,,,,,,,,,,,,,,,,,,Loss,,,,
cg24049468,,,,,,,,,,,Loss,,,,Loss,,Loss,,,,Loss,,,Loss,,,,,,,,Loss,,,,,,Loss,Loss,,,,,,,,,,,Loss,,,,,,,,,,,
cg24058386,,,,,,,,,,,,,,,,,,,,,,,,,,,,,,,,,,,,,,,,,,,,,,,,,Loss,,,,,,,,,,,,
cg24329783,,,,,,,,,,,,,,,,,,,,,,,,,,,,,,,,,,,,,,,,,,,,,,,,,,,,,,,,,,,,,
cg24509168,,,,,,,,,,,,,,,,,,,,,,,,,,,,,,,,,,,,,,,,,,,,,,,,,,,,,,,,,,,,,
cg24557048,,,,,,,,,,,,,,,,,,,,,,,,,,,,,,,,,,,,,,,,,,,,,,,,,,,,,,,,,Loss,,,,
cg24598973,,,,,,,,,,,,,,,,,,,,,,,,,,,,,,,,,,,,,,,,,,,,,,,,,,,,,,,,,,,,,
cg24724587,,,,Loss,,,,Loss,,,Loss,,,,Loss,,Loss,,Loss,,Loss,,,,,,,,,,,Loss,,Loss,,,,Loss,Loss,,,,,,,,,,,Loss,,,,,,,Loss,,,,
cg24730688,,,,,,,,,,,,,,,,,,,,,,,,,,,,,,,,,,,,,,,,,,,,,,,,,,,,,,,,,,,,,
cg24792360,,,,,,,,,,,,,,,,,,,,,,,,,,,,,,,,,,,,,,,,,,,,,,,,,,,,,,,,,,,,,
cg24860534,,,,,,,,,,,,,,,,,,,,,,,,,,,,,,,,,,,,,,,,,,,,,,,,Loss,,,,,,,,,,,,,
cg24876897,,,,,,,,,,,,,,,,,,,,,,,,,,,,,,,,,,,,,,,,,,,,,,,,,,,,,,,,,,,,,
cg25189904,,,,Loss,,,,,,,Loss,,,,Loss,,Loss,,,,Loss,,,Loss,,,,,,,,Loss,,Loss,,,,Loss,Loss,,,,,,,,,,,Loss,,,,,,,,,,,
cg25593625,,,,,,,,,,,,,,,,,,,,,,,,,,,,,,,,,,,,,,,,,,,,,,,,,,,,,,,,,,,,,
cg26013992,,,,,,,,,,,,,,,Loss,,Loss,,,,,,,,,,,,,,,Loss,,,,,,,,,,,,,,,,,,Loss,,,,,,,,,,,
cg26050734,,,,,,,,,,,,,,,,,,,,,,,,,,,,,,,,,,,,,,,,,,,,,,,,,,,,,,,,,,,,,
cg26220594,,,,,,,,,,,,,,,,,,,,,,,,,,,,,,,,,,,,,,,,,,,,,,,,,,,,,,,,,,,,,
cg26354017,,,,,,,,,,,,,,,,,,,,,,,,,,,,,,,,,,,,,,,,,Gain,,,,,,,Loss,,,,,,,,,,,,,
cg26523099,,,,Loss,,,,Loss,,,,,,,,,Loss,,Loss,,,,,,,,,,,,,Loss,,Loss,,,,,,,Loss,,,,,,,,,Loss,,,,,,,Loss,Loss,,,
cg26536593,,,,,,,,,,,,,,,,,,,,,,,,,,,,,,,,,,,,,,,,,,,,,,,,Loss,,,,,,,,,,,,,
cg26537280,,,,Loss,,,,Loss,,,Loss,,,,Loss,,Loss,Loss,Loss,,Loss,,,Loss,,,,,,,,Loss,,Loss,,,,Loss,Loss,,,,,,,,,,,Loss,,,,,,,Loss,Loss,,,
cg26863172,,,,,,,,,,,,,,,,,,,,,,,,,,,,,,,,,,,,,,,,,,,,,,,,,,,,,,,,,,,,,
cg00058515,,,,,,,,,,,,,,,,,,,,,,,,,,,,,,,,,,,,,,,,,,,,,,,,,,,,,,,,,,,,,
cg00280895,,,,,,,,,,,,,,,,,,,,,,,,,,,,,,,,,,,,,,,,,,,,,,,,,,,,,,,,,,,,,
cg00680696,,,,,,,,,,,,,,,,,,,,,,,,,,,,,,,,,,,,,,,Loss,Loss,,,,,,,,,,,,,,Gain,,,,,,,
cg00899350,,,,,,,,,,,,,,,,,,,,,,,,,,,,,,,,,,,,,,,Loss,Loss,,,Loss,,,,,,,,,,,Gain,,,,,,,
cg00956987,,,,,,,,,,,,,,,,,,,,,,,,,,,,,,,,,,,,,,,,,,,,,,,,,,,,,,,,,Gain,,,,
cg01217071,,,,,,,,,,,,,,,,,,,,,,,,,,,,,,,,,,,,,,,,Loss,,,,,,,,,,,,,,Gain,,,,,,,
cg01583753,,,,,,,,,,,,,,,,,,,,,,,,,,,,,,,,,,,,,,,,,,,,,,,,,,,,,,,,,,,,,
cg01621716,,,,,,,,,,,,,,,,,,,,,,,,,,,,,,,,,,,,,,,,,,,,,,,,,,,,,,,,,,,,,
cg01898867,,,,,,,,,,,,,,,,,,,,,,,,,,,,,,,,,,,,,,,,Loss,,,,,,,,,,,,,,Gain,,,,,,,
cg01931792,,,,,,,,,,,,,,,,,,,,,,,,,,,,,,,,,,,,,,,,,,,,,,,,,,,,,,,,,,,,,
cg02716646,,,,,,,,,,,,,,,,,,,,,Loss,,,,,,,,,,,,,,,,,,,,,,,,,,,,,,,,,,,,,,,,
cg03350299,,,,,,,,,,,,,,,,,,,,,,,,,,,,,,,,,,,,,,,,,,,,,,,,,,,,,,,,,,,,,
cg03429644,,,,,,,,,,,,,,,,,,,,,,,,,,,,,,,,,,,,,,,,,,,,,,,,,,,,,,,,,,,,,
cg03727500,,,,,,,,,,,,,,,,,,,,,,,,,,,,,,,,,,,,,,,Loss,Loss,,,Loss,,,,,,,,,,,Gain,,,,,,,
cg03813688,,,,,,,,,,,,,,,,,,,,,,,,,,,,,,,,,,,,,,,,,,,,,,,,,,,,,,,,,,,,,
cg03817727,,,,,,,,,,,,,,,,,,,,,,,,,,,,,,,,,,,,,,,,Loss,,,,,,,,,,,,,,Gain,,,,,,,
cg04082016,,,,,,,,,,,,,,,,,,,,,,,,,,,,,,,,,,,,,,,,,,,,,,,,,,,,,,,,,,,,,
cg04131969,,,,,,,,,,,,,,,,,,,,,,,,,,,,,,,,,,,,,,,,,,,,,,,,,,,,,,,,,,,,,
cg05353292,,,,,,,,,,,,,,,,,,,,,,,,,,,,,,,,,,,,,,,Loss,,,,,,,,,,,,,,,,,,,,,,
cg05414442,,,,,,,,,,,,,,,,,,,,,,,,,,,,,,,,,,,,,,,,,,,,,,,,,,,,,,,,,,,,,
cg05723825,,,,,,,,,,,,,,,,,,,,,,,,,,,,,,,,,,,,,,,,,,,,,,,,,,,,,,,,,,,,,
cg05868531,,,,,,,,,,,,,,,,,,,,,,,,,,,,,,,,,,,,,,,Loss,Loss,,,Loss,,,,,,,,,,,Gain,,,,,,,
cg06383022,,,,,,,,,,,,,,,,,,,,,,,,,,,,,,,,,,,,,,,,,,,,,,,,,,,,,,,,,,,,,
cg08201735,,,,,,,,,,,,,,,,,,,,,,,,,,,,,,,,,,,,,,,,,,,,,,,,,,,,,,,,,,,,,
cg08719380,,,,,,,,,,,,,,,,,,,,,,,,,,,,,,,,,,,,,,,Loss,,,,,,,,,,,,,,,,,,,,,,
cg08965143,,,,,,,,,,,,,,,,,,,,,,,,,,,,,,,,,,,,,,,,,,,,,,,,,,,,,,,,,,,,,
cg10588622,,,,,,,,,,,,,,,,,,,,,,,,,,,,,,,,,,,,,,,,,,,,,,,,,,,,,,,,,,,,,
cg10634136,,,,,,,,,,,,,,,,,,,,,,,,,,,,,,,,,,,,,,,,Loss,,,,,,,,,,,,,,Gain,,,,,,,
cg10883069,,,,,,,,,,,,,,,,,,,,,,,,,,,,,,,,,,,,,,,,Loss,,,Loss,,,,,,,,,,,Gain,,,,,,,
cg11559198,,,,,,,,,,,,,,,,,,,,,,,,,,,,,,,,,,,,,,,Loss,Loss,,,Loss,,,,,,,,,,,Gain,,,,,,,
cg11942181,,,,,,,,,,,,,,,,,,,,,,,,,,,,,,,,,,,,,,,,,,,,,,,,,,,,,,,,,,,,,
cg13716566,,,,,,,,,,,,,,,,,,,,,,,,,,,,,,,,,,,,,,,,Loss,,,Loss,,,,,,,,,,,Gain,,,,,,,
cg14157435,,,,,,,,,,,,,,,,,,,,,,,,,,,,,,,,,,,,,,,,Loss,,,,,,,,,,,,,,Gain,,,,,,,
cg14223654,,,,,,,,,,,,,,,,,,,,,,,,,,,,,,,,,,,,,,,,,,,,,,,,,,,,,,,,,,,,,
cg14339650,,,,,,,,,,,,,,,,,,,,,,,,,,,,,,,,,,,,,,,,,,,,,,,,,,,,,,,,,,,,,
cg14758072,,,,,,,,,,,,,,,,,,,,,,,,,,,,,,,,,,,,,,,,,,Loss,,,,,,,,,,,,,,,,,,,
cg14853772,,,,,,,,,,,,,,,,,,,,,,,,,,,,,,,,,,,,,,,,,,,,,,,,,,,,,,,,,,,,,
cg15161959,,,,,,,,,,,,,,,,,,,,,,,,,,,,,,,,,,,,,,,,Gain,,,,,,,,,,,,,,Gain,,,,,,,
cg15371801,,,,,,,,,,,,,,,,,,,,,,,,,,,,,,,,,,,,,,,Loss,Loss,,,Loss,,,,,,,,,,,Gain,,,,,,,
cg15742848,,,,,,,,,,,,,,,,,,,,,,,,,,,,,,,,,,,,,,,,Gain,,,,,,,,,,,,,,Gain,,,,,,,
cg18887096,,,,,,,,,,,,,,,,,,,,,,,,,,,,,,,,,,,,,,,,Loss,,,,,,,,,,,,,,Gain,,,,,,,
cg19075252,,,,,,,,,,,,,,,,,,,,,,,,,,,,,,,,,,,,,,,,Loss,,,,,,,,,,,,,,Gain,,,,,,,
cg19584871,,,,,,,,,,,,,,,,,,,,,,,,,,,,,,,,,,,,,,,,,,,,,,,,,,,,,,,,,,,,,
cg20097593,,,,,,,,,,,,,Gain,,,,,,,,,,,,,,,,,,,,,,,,,,,,,,,,,,,,,,,,,,,,,,,,
cg20510474,,,,,,,,,,,,,,,,,,,,,,,,,,,,,,,,,,,,,,,,,,,,,,,,,,,,,,,,,,,,,
cg21054919,,,,,,,,,,,,,,,,,,,,,,,,,,,,,,,,,,,,,,,Loss,Loss,,,Loss,,,,,,,,,,,Gain,,,,,,,
cg21361856,,,,,,,,,,,,,,,,,,,,,,,,,,,,,,,,,,,,,,,,Gain,,,,,,,,,,,,,,Gain,,,,,,,
cg21627775,,,,,,,,,,,,,,,,,,,,,,,,,,,,,,,,,,,,,,,,Loss,,,,,,,,,,,,,,Gain,,,,,,,
cg22022881,,,,,,,,,,,,,,,,,,,,,,,,,,,,,,,,,,,,,,,,,,,,,,,,,,,,,,,,,,,,,
cg22111694,,,,,,,,,,,,,,,,,,,,,,,,,,,,,,,,,,,,,,,,,,,,,,,,,,,,,,,,,,,,,
cg22308949,,,,,,,,,,,,,,,,,,,,,,,,,,,,,,,,,,,,,,,,Loss,,,,,,,,,,,,,,Gain,,,,,,,
cg22488717,,,,,,,,,,,,,,,,,,,,,,,,,,,,,,,,,,,,,,,,,,,,,,,,,,,,,,,,,,,,,
cg23531340,,,,,,,,,,,,,,,,,,,,,,,,,,,,,,,,,,,,,,,,,,,,,,,,,,,,,,,,,,,,,
cg24209528,,,,,,,,,,,,,,,,,,,,,,,,,,,,,,,,,,,,,,,,,,,,,,,,,,,,,,,,,,,,,
cg24220031,,,,,,,,,,,,,,,,,,,,,,,,,,,,,,,,,,,,,,,,,,,,,,,,,,,,,,,,,,,,,
cg24222817,,,,,,,,,,,,,,,,,,,,,,,,,,,,,,,,,,,,,,,,,,,,,,,,,,,,,,,,,,,,,
cg24330386,,,,,,,,,,,,,,,,,,,,,,,,,,,,,,,,,,,,,,,Loss,Loss,,,,,,,,,,,,,,Gain,,,,,,,
cg24686644,,,,,,,,,,,,,Gain,,,,,,,,,,,,,,,,,,,,,,,,,,,,,,,,,,,,Gain,,,,,,,,High Copy Gain,,,,
cg24715680,,,,,,,,,,,,,,,,,,,,,,,,,,,,,,,,,,Gain,,,,,,Loss,,,,,,,,,,,,,,Gain,,,,,,,
cg24980657,,,,,,,,,,,,,,,,,,,,,,,,,,,,,,,,,,,,,,,Loss,,,,,,,,,,,,,,,,,,,,,,
cg25071744,,,,,,,,,,,,,,,,,,,,,,,,,,,,,,,,,,,,,,,,,,,,,,,,,,,,,,,,,,,,,
cg25079915,,,,,,,,,,,,,,,,,,,,,,,,,,,,,,,,,,,,,,,,,,,,,,,,,,,,,,,,,,,,,
cg25223285,,,,,,,,,,,,,,,,,,,,,,,,,,,,,,,,,,,,,,,,,,,,,,,,,,,,,,,,,,,,,
cg25487775,,,,,,,,,,,,,,,,,,,,,,,,,,,,,,,,,,,,,,,Loss,,,,,,,,,,,,,,,Gain,,,,,,,
cg25924274,,,,,,,,,,,,,,,,,,,,,,,,,,,,,,,,,,,,,,,,,,,,,,,,,,,,,,,,,,,,,
cg26302230,,,,,,,,,,,,,,,,,,,,,,,,,,,,,,,,,,,,,,,,Loss,,,,,,,,,,,,,,Gain,,,,,,,
cg26817877,,,,,,,,,,,,,,,,,,,,,,,,,,,,,,,,,,,,,,,,Gain,,,,,,,,,,,,,,Gain,,,,,,,
cg26853787,,,,,,,,,,,,,,,,,,,,,,,,,,,,,,,,,,,,,,,,Loss,,,,,,,,,,,,,,Gain,,,,,,,
cg26874229,,,,,,,,,,,,,,,,,,,,,,,,,,,,,,,,,,,,,,,,,,,,,,,,,,,,,,,,,,,,,
cg27369013,,,,,,,,,,,,,,,,,,,,,,,,,,,,,,,,,,,,,,,,Loss,,,,,,,,,,,,,,Gain,,,,,,,
cg27661104,,,,,,,,,,,,,,,,,,,,,,,,,,,,,,,,,,,,,,,Loss,Loss,,,Loss,,,,,,,,,,,Gain,,,,,,,
cg27664689,,,,,,,,,,,,,,,,,,,,,,,,,,,,,,,,,,,,,,,Loss,,,,,,,,,,,,,,,,,,,,,,
cg00010946,High Copy Gain,,,,,,Gain,Gain,,,Gain,,,,,Gain,Gain,,,,,,,,,,Gain,High Copy Gain,Gain,Gain,Gain,Gain,High Copy Gain,,Gain,Gain,Gain,Gain,,,Gain,,Gain,Gain,Gain,Gain,,,,,,,Gain,Gain,,,,High Copy Gain,Gain,,
cg00472710,High Copy Gain,,,,,,Gain,Gain,,,Gain,,,,,Gain,Gain,,,,,,,,,,Gain,High Copy Gain,Gain,Gain,Gain,Gain,High Copy Gain,,Gain,Gain,Gain,Gain,,,Gain,,Gain,Gain,Gain,Gain,,,,,,,Gain,Gain,,,,High Copy Gain,Gain,,
cg01324343,High Copy Gain,,,,,,Gain,Gain,,,Gain,,,,,Gain,Gain,,,,,,,,,,Gain,High Copy Gain,Gain,Gain,Gain,Gain,High Copy Gain,,Gain,Gain,Gain,Gain,,,Gain,,Gain,Gain,Gain,Gain,,,,,,,Gain,Gain,,,,High Copy Gain,Gain,,
cg02555923,,,,,,,,,,,,,,,,Loss,,,,,,,,,,,Gain,,,,,,,,,,,,,,,,,,Gain,,,,,,,,,Gain,,,,,,,
cg03855994,,,,,,,,,,,,,,,,,,,,,,,,,,,Gain,,,,,,,,,,,,,,,,,,Gain,,,,,,,,,Gain,,Loss,,,,,
cg04207166,,,,,,,,,,,,,,,,Loss,,,,,,,,,,,Gain,,,,,,,,,,,,,,,,,,Gain,,,,,,,,,Gain,,,,,,,
cg04865442,High Copy Gain,,,,,,,Gain,,,,,,,,Gain,,,,,,,,,,,Gain,High Copy Gain,,Gain,,Gain,,,Gain,,,,,,Gain,,Gain,,Gain,Gain,,,,,,,,Gain,,,,,,,
cg06234584,,,,,Loss,,,,,,,,,,,Loss,,,,,,,,,,,Gain,,,,,,,,,,,,,,,,,,Gain,,,,,,,,,Gain,,,,,,,
cg06726820,High Copy Gain,,,,,,Gain,Gain,,,Gain,,,,,Gain,Gain,,,,,,,,,,Gain,High Copy Gain,Gain,Gain,Gain,Gain,High Copy Gain,,Gain,Gain,Gain,Gain,,,Gain,,Gain,Gain,Gain,Gain,,,,,,,Gain,Gain,,,,,Gain,,
cg08072716,,,,,,,,,,,,,,,,,,,,,,,,,,,Gain,,,,,Loss,,,,,,,,,,,,,Gain,,,,,,,,,Gain,,,,,,,
cg09373148,High Copy Gain,,,,,,Gain,Gain,,,Gain,,,,,Gain,Gain,,,,,,,,,,Gain,High Copy Gain,Gain,Gain,Gain,Gain,High Copy Gain,,Gain,Gain,Gain,Gain,,,Gain,,Gain,Gain,Gain,Gain,,,,,,,Gain,Gain,,,,,Gain,,
cg11874323,,,,,,,,Gain,,,,,,,,Gain,,,,,,,,,,,Gain,High Copy Gain,,Gain,,,,,Gain,,,,,,,,Gain,,Gain,,,,,,,,,Gain,,,,,,,
cg13511885,High Copy Gain,,,,,,Gain,Gain,,,Gain,,,,,Gain,Gain,,,,,,,,,,Gain,High Copy Gain,Gain,Gain,,Gain,High Copy Gain,,Gain,Gain,,Gain,,,Gain,,Gain,,Gain,Gain,,,,,,,,Gain,,,,,,,
cg14218447,,,,,,,,Gain,,,,,,,,Gain,,,,,,,,,,,Gain,High Copy Gain,,Gain,,Gain,,,Gain,,,,,,,,Gain,,Gain,Gain,,,,,,,,Gain,,,,,,,
cg14463292,High Copy Gain,,,,,,Gain,Gain,,,Gain,,,,,Gain,Gain,,,,,,,,,,Gain,High Copy Gain,Gain,Gain,Gain,Gain,High Copy Gain,,Gain,Gain,Gain,Gain,,,Gain,,Gain,Gain,Gain,Gain,,,,,,,Gain,Gain,,,,High Copy Gain,Gain,,
cg15180789,High Copy Gain,,,,,,Gain,Gain,,,Gain,,,,,Gain,Gain,,,,,,,,,,Gain,High Copy Gain,Gain,Gain,Gain,Gain,High Copy Gain,,Gain,Gain,Gain,Gain,,,Gain,,Gain,Gain,Gain,Gain,,,,,,,Gain,Gain,,,,High Copy Gain,Gain,,
cg15709065,High Copy Gain,,,,,,Gain,Gain,,,Gain,,,,,Gain,Gain,,,,,,,,,,Gain,High Copy Gain,Gain,Gain,,Gain,High Copy Gain,,Gain,Gain,Gain,Gain,,,Gain,,Gain,,Gain,Gain,,,,,,,Gain,Gain,,,,,Gain,,
cg16930811,,,,,,,,,,,,,,,,,,,,,,,,,,,Gain,,,,,,,,,,,,,,,,,,Gain,,,,,,,,,Gain,,Loss,,,,,
cg17036624,,,,,,,,,,,,,,,,,,,,,,,,,,,Gain,,,,,,,,,,,,,,,,,,Gain,,,,,,,,,Gain,,,,,,,
cg17057719,,,,,,,,,,,,,,,,Loss,,,,,,,,,,,Gain,,,Loss,,Loss,,,,,,,,,,,,,Gain,,,,,,,,,Gain,,,,,,,
cg17546649,,,,,Loss,,,,,,,,,,,Loss,,,,,,,,,,,Gain,,,,,,,,,,,,,,,,,,Gain,,,,,,,,,Gain,,,,,,,
cg17658717,,,,,Loss,,,,,,,,,,,Loss,,,,,,,,,,,Gain,,,,,,,,,,,,,,,,,,Gain,,,,,,,,,Gain,,,,,,,
cg18005180,High Copy Gain,,,,,,Gain,Gain,,,Gain,,,,,Gain,Gain,,,,,,,,,,Gain,High Copy Gain,Gain,Gain,Gain,Gain,High Copy Gain,,Gain,Gain,Gain,Gain,,,Gain,,Gain,Gain,Gain,Gain,,,,,,,Gain,Gain,,,,,Gain,,
cg18026197,High Copy Gain,,,,,,,Gain,,,Gain,,,,,Gain,Gain,,,,,,,,,,Gain,High Copy Gain,Gain,Gain,,Gain,High Copy Gain,,Gain,Gain,,Gain,,,Gain,,Gain,,Gain,Gain,,,,,,,,Gain,,,,,,,
cg20232291,,,,,,,,,,,,,,,,Gain,,,,,,,,,,,Gain,High Copy Gain,,Gain,,,,,Gain,,,,,,,,,,Gain,,,,,,,,,Gain,,Loss,,,,,
cg20540428,,,,,,,,,,,,,,,,Loss,,,,,,,,,,,Gain,,,Loss,,Loss,,,,,,,,,,,,,Gain,,,,,,,,,Gain,,,,,,,
cg20988073,High Copy Gain,,,,,,,Gain,,,Gain,,,,,Gain,Gain,,,,,,,,,,Gain,High Copy Gain,Gain,Gain,,Gain,High Copy Gain,,Gain,Gain,,Gain,,,Gain,,Gain,,Gain,Gain,,,,,,,,Gain,,,,,,,
cg21030598,High Copy Gain,,,,,,Gain,Gain,,,Gain,,,,,Gain,Gain,,,,,,,,,,Gain,High Copy Gain,Gain,Gain,Gain,,High Copy Gain,,Gain,Gain,Gain,Gain,,,Gain,,Gain,Gain,Gain,Gain,,,,,,,Gain,Gain,,,,High Copy Gain,Gain,,
cg22158068,,,,,,,,,,,,,,,,Loss,,,,,,,,,,,Gain,,,,,Loss,,,,,,,,,,,,,Gain,,,,,,,,,Gain,,,,,,,
cg24576535,,,,,,,,Gain,,,,,,,,Gain,,,,,,,,,,,Gain,High Copy Gain,,Gain,,Gain,,,Gain,,,,,,,,Gain,,Gain,Gain,,,,,,,,Gain,,,,,,,
cg24960291,High Copy Gain,,,,,,Gain,Gain,,,Gain,,,,,Gain,Gain,,,,,,,,,,Gain,High Copy Gain,Gain,Gain,Gain,Gain,High Copy Gain,,Gain,Gain,Gain,Gain,,,Gain,,Gain,Gain,Gain,Gain,,,,,,,Gain,Gain,,,,High Copy Gain,Gain,,
cg27364650,,,,,Loss,,,,,,,,,,,Loss,,,,,,,,,,,Gain,,,,,,,,,,,,,,,,,,Gain,,,,,,,,,Gain,,,,,,,
cg00236919,,,,,,,,,,,,,,,,,,,,,,,,,,,,,,,,,,,,,,,,Gain,,,,,,,,,,Gain,,,,,,,,,,,
cg01096266,,,,,,,,,,,,Gain,,,Loss,,,,,,,,,,,,,,,,,,,,,,,,,Gain,,,,,,,,Gain,,Gain,,,,,,,,,,,
cg01883540,,,,,,,,,,,,,,,Gain,,,,,,,,,,,,,,,,,,,,,,,,,Gain,,,,,,,,,,Gain,,,,,,,Gain,,,,
cg02136252,,,,,,,,,,,,Gain,,,Loss,,,,,,,,,,,,,,,,,,,,,,,,,Gain,,,,,,,,Gain,,Gain,,,,,,,,,,,
cg02170478,,,,,,,,,,,,,,,,,,,,,,,,,,,,,,,,,,,,,,,,Gain,,,,,,,,,,Gain,,,,,,,,,,,
cg02754929,,,,,,,,,,,,Gain,,,Loss,,,,,,,,,,,,,,,,,,,,,,,,,Gain,,,,,,,,Gain,,Gain,,,,,,,,,,,
cg03238216,,,,,,,,,,,,,,,Loss,,,,,,,,,,,,,,,,,,,,,,,,,Gain,,,,,,,,Gain,,Gain,,,,,,,,,,,
cg03313172,,,,,,,,,,,,,,,,,,,,,,,,,,,,,,,,,,,,,,,,Gain,,,,,,,,,,Gain,,,,,,,,,,,
cg03315557,,,,,,,,,,,,,,,Loss,,,,,,,,,,,,,,,,,,,,,,,,,Gain,,,,,,,,Gain,,Gain,,,,,,,,,,,
cg03463411,,,,,,,,,,,,,,,Gain,,,,,,,,,,,,,,,,,,,,,,,,,Gain,,,,,,,,,,Gain,,,,,,,,,,,
cg06483432,,,,,,,,,,,,,,,,,,,,,,,,,,,,,,,,,,,,,,,,Gain,,,,,,,,,,Gain,,,,,,,,,,,
cg06634862,,,,,,,,,,,,,,,,,,,,,,,,,,,,,,,,,,,,,,,,Gain,,,,,,,,,,Gain,,,,,,,,,,,
cg08125755,,,,,,,,,,,,,,,Gain,,,,,,,,,,,,,,,,,,,,,,,,,Gain,,,,,,,,,,Gain,,,,,,,Gain,,,,
cg08222618,,,,,,,,,,,,Gain,,,Loss,,,,,,,,,,,,,,,,,,,,,,,,,Gain,,,,,,,,Gain,,Gain,,,,,,,,,,,
cg08572214,,,,,,,,,,,,,,,Gain,,,,,,,,,,,,,,,,,,,,,,,,,Gain,,,,,,,,,,Gain,,,,,,,,,,,
cg08644045,,,,,,,,,,,,Gain,,,Loss,,,,,,,,,,,,,,,,,,,,,,,,,Gain,,,,,,,,Gain,,Gain,,,,,,,,,,,
cg09511421,,,,,,,,,,,,,,,Gain,,,,,,,,,,,,,,,,,,,,,,,,,Gain,,,,,,,,,,Gain,,,,,,,Gain,,,,
cg09573795,,,,,,,,,,,,Gain,,,Loss,,,,,,,,,,,,,,,,,,,,,,,,,Gain,,,,,,,,Gain,,Gain,,,,,,,,,,,
cg10432947,,,,,,,,,,,,Gain,,,Loss,,,,,,,,,,,,,,,,,,,,,,,,,Gain,,,,,,,,Gain,,Gain,,,,,,,,,,,
cg11266682,,,,,,,,,,,,Gain,,,Loss,,,,,,,,,,,,,,,,,,,,,,,,,Gain,,,,,,,,Gain,,Gain,,,,,,,,,,,
cg11388320,,,,,,,,,,,,,,,Gain,,,,,,,,,,,,,,,,,,,,,,,,,Gain,,,,,,,,,,Gain,,,,,,,,,,,
cg11991617,,,,,,,,,,,,,,,Gain,,,,,,,,,,,,,,,,,Loss,,,,,,,,Gain,,,,,,,,,,Gain,,,,,,,Gain,,,,
cg12494515,,,,,,,,,,,,,,,Gain,,,,,,,,,,,,,,,,,,,,,,,,,Gain,,,,,,,,,,Gain,,,,,,,Gain,,,,
cg12948920,,,,,,,,,,,,Gain,,,Loss,,,,,,,,,,,,,,,,,,,,,,,,,Gain,,,,,,,,Gain,,Gain,,,,,,,,,,,
cg13210763,,,,,,,,,,,,,,,,,,,,,,,,,,,,,,,,,,,,,,,,Gain,,,,,,,,,,Gain,,,,,,,,,,,
cg14016257,,,,,,,,,,,,,,,Gain,,,,,,,,,,,,,,,,,,,,,,,,,Gain,,,,,,,,,,Gain,,,,,,,Gain,,,,
cg15175162,,,,,,,,,,,,,,,Loss,,,,,,,,,,,,,,,,,,,,,,,,,Gain,,,,,,,,Gain,,Gain,,,,,,,,,,,
cg17069313,,,,,,,,,,,,,,,Gain,,,,,,,,,,,,,,,,,,,,,,,,,Gain,,,,,,,,,,Gain,,,,,,,Gain,,,,
cg17814781,,,,,,,,,,,,Gain,,,Loss,,,,,,,,,,,,,,,,,,,,,,,,,Gain,,,,,,,,Gain,,Gain,,,,,,,,,,,
cg23139982,,,,,,,,,,,,Gain,,,Loss,,,,,,,,,,,,,,,,,,,,,,,,,Gain,,,,,,,,Gain,,Gain,,,,,,,,,,,
cg23855319,,,,,,,,,,,,Gain,,,Loss,,,,,,,,,,,,,,,,,,,,,,,,,Gain,,,,,,,,Gain,,Gain,,,,,,,,,,,
cg24793722,,,,,,,,,,,,Gain,,,Loss,,,,,,,,,,,,,,,,,,,,,,,,,Gain,,,,,,,,Gain,,Gain,,,,,,,,,,,
cg25654705,,,,,,,,,,,,,,,Gain,,,,,,,,,,,,,,,,,,,,,,,,,Gain,,,,,,,,,,Gain,,,,,,,Gain,,,,
cg25886683,,,,,,,,,,,,,,,,,,,,,,,,,,,,,,,,,,,,,,,,,,,,,,,,,,,,,,,,,,,,,
cg25932599,,,,,,,,,,,,Gain,,,Loss,,,,,,,,,,,,,,,,,,,,,,,,,Gain,,,,,,,,Gain,,Gain,,,,,,,,,,,
cg27242132,,,,,,,,,,,,,,,Gain,,,,,,,,,,,,,,,,,,,,,,,,,Gain,,,,,,,,,,Gain,,,,,,,,,,,
cg00619978,,,,,,,,,,,,,,,,,,,,,,,,,,,,,,,,,,,,,,,,,,,,,,,,,,,,,,,,,,,,,
cg01784614,,,,,,,,,,,,,,,,,,Gain,,,,,,,,,,,,,,,,,,,,,,,,,,,,,,,,,,,,,,,,,,,
cg01809941,,,,,,,,,,,,,,,,,,Gain,,,,,Loss,,,,,Loss,,High Copy Gain,,,,,,,,,,,,,,,,,,,,,,,,Loss,,,,,,,
cg02147194,,,,,,,,,,,,,,,,,,,,,,,,,,,,,,,,,,,,,,,Loss,,,,,,,,,,,,,,,,,,,,,,
cg02250764,,,,,,,,,,,,,,,,,,,,,,,,,,,,,,,,,,,,,,,,,,,,,,,,,,,,,,,,,,,,,
cg04156016,,,,,,,,,,,,,,,,,,Gain,,,,,,,,,,,,High Copy Gain,,,,,,,,,,,,,,,,,,,,,,,,Loss,,,,,,,
cg05465935,,,,,,,,,,,,,,,,,,Gain,,,,,,,,,,,,Loss,,,,,,,,,,,,,,,,,,,,,,,,,,,,,,,
cg05530317,,,,,,,,,,,,,,,,,,Gain,,,,,,,,,,,,,,,,,,,,,,,,,,,,,,,,,,,,,,,,,,,
cg06060754,,,,,,,,,,,,,,,,,,,,,,,,,,,,,,,,,,,,,,,,,,,,,,,,,,,,,,,,,,,,,
cg06536614,,,,,,,,,,,,,,,,,,,,,,,,,,,,,,,,,,,,,,,,,,,,,,,,,,,,,,,,,,,,,
cg06836380,High Copy Gain,,,,,,,,,Gain,,,,,,,,Gain,,,,,,,,,,Gain,,High Copy Gain,,,,,,,,,,,,,,,,,,,,,,,,,,,,,,,
cg06837426,,,,,,,,,,,,,,,,,,,,,,,,,,,,,,,,,,,,,,,,,,,,,,,,Gain,,,,,,,,,,,,,
cg07017875,,,,,,,,,,,,,,,,,,,,,,,,,,,,,,,,,,,,,,,Loss,,,,,,,,,,,,,,,,,,,,,,
cg07401067,,,,,,,,,,,,,,,,,,Gain,,,,,,,,,,,,High Copy Gain,,,,,,,,,,,,,,,,,,,,,,,,Loss,,,,,,,
cg07751793,,,,,,,,,,,,,,,,,,,,,,,,,,,,,,,,,,,,,,,Loss,,,,,,,,,,,,,,,,,,,,,,
cg07763376,,,,,,,,,,,,,,,,,,,,,,,,,,,,,,,,,,,,,,,,,,,,,,,,,,,,,,,,,,,,,
cg08336234,,,,,,,,,,,,,,,,,,,,,,,,,,,,,,,,,,,,,,,,,,,,,,,,,,,,,,,,,,,,,
cg08470180,,,,,,,,,,,,,,,,,,,,,,,,,,,,,,,,,,,,,,,,,,,,,,,,,,,,,,,,,,,,,
cg09075844,High Copy Gain,,,,,,,,,Gain,,,,,,,,Gain,,,,,,,,,,Gain,,High Copy Gain,,,,,,,,,,,,,,,,,,,,,,,,,,,,,,,
cg09546802,,,,,,,,,,,,,,,,,,,,,,,,,,,,,,,,,,,,,,,Loss,,,,,,,,,,,,,,,,,,,,,,
cg09560636,,,,,,,,,,,,,,,,,,Gain,,,,,,,,,,,,Loss,,,,,,,,,,,,,,,,,,,,,,,,,,,,,,,
cg11609571,,,,,,,,,,,,,,,,,,,,,,,,,,,,,,,,,,,,,,,Loss,,,,,,,,,,,,,,,,,,,,,,
cg11620475,,,,,,,,,,,,,,,,,,,,,,,,,,,,,,,,,,,,,,,,,,,,,,,,,,,,,,,,,,,,,
cg11809091,,,,,,,,,,,,,,,,,,,,,,,,,,,,,,,,,,,,,,,,,,,,,,,,,,,,,,,,,,,,,
cg12352302,,,,,,,,,,,,,,,,,,,,,,,,,,,,,,,,,,,,,,,,,,,,,,,,,,,,,,,,,,,,,
cg12518844,Gain,,,,,,,,,,,,,,,,,Gain,,,,,,,,,,Loss,,,,,,,,,,,,,,,,,,,,,,,,,,Loss,,,,,,,
cg12980795,,,,,,,,,,,,,,,,,,,,,,,,,,,,,,,,,,,,,,,,,,,,,,,,,,,,,,,,,,,,,
cg13003311,,,,,,,,,,,,,,,,,,,,,,,,,,,,,,,,,,,,,,,,,,,,,,,,,,,,,,,,,,,,,
cg14789272,,,,,,,,,,,,,,,,,,,,,,,,,,,,,,,,,,,,,,,,,,,,,,,,Gain,,,,,,,,,,,,,
cg14996985,,,,,,,,,,,,,,,,,,,,,,,,,,,,,,,,,,,,,,,,,,,,,,,,,,,,,,,,,,,,,
cg15548198,,,,,,,,,,,,,,,,,,,,,,,,,,,,,,,,,,,,,,,,,,,,,,,,,,,,,,,,,,,,,
cg15574301,,,,,,,,,,,,,,,,,,,Loss,,,,,,,,,,,,,,,,,,,,,,,,,,,,,,,,,,,,,,,,,,
cg16006841,,,,,,,,,,,,,,,,,,,,,,,,,,,,,,,,,,,,,,,,,,,,,,,,,,,,,,,,,,,,,
cg16035780,,,,,,,,,,Gain,,,,,,,,Gain,,,,,,,,,,,,,,,,,,,,,,,,,,,,,,,,,,,,,,,,,,,
cg16079430,Gain,,,,,,,,,,,,,,,,,Gain,,,,,,,,,,Loss,,Gain,,,,,,,,,,,,,,,,,,,,,,,,Loss,,,,,,,
cg16391973,,,,,,,,,,,,,,,,,,,,,,,,,,,,,,,,,,,,,,,Loss,,,,,,,,,,,,,,,,,,,,,,
cg16988194,,,,,,,,,,,,,,,,,,,,,,,,,,,,,,,,,,,,,,,,,,,,,,,,,,,,,,,,,,,,,
cg17253517,,,,,,,,,,,,,,,,,,,,,,,,,,,,,,,,,,,,,,,,,,,,,,,,,,,,,,,,,,,,,
cg17303540,,,,,,,,,,,,,,,,,,,,,,,,,,,,,,,,,,,,,,,Loss,,,,,,,,,,,,,,,,,,,,,,
cg17503389,,,,,,,,,,,,,,,,,,,,,,,,,,,,,,,,,,,,,,,,,,,,,,,,,,,,,,,,,,,,,
cg17763019,,,,,,,,,,,,,,,,,,,,,,,,,,,,,,,,,,,,,,,,,,,,,,,,,,,,,,,,,,,,,
cg18394854,Gain,,,,,,,,,,,,,,,,,Gain,,,,,,,,,,Loss,,Gain,,,,,,,,,,,,,,,,,,,,,,,,Loss,,,,,,,
cg18586823,,,,,,,,,,,,,,,,,,,,,,,Loss,,,,,,,,,,,,,,,,,,,,,,,,,,,,,,,,,,,,,,
cg18665594,,,,,,,,,,,,,,,,,,,,,,,,,,,,,,,,,,,,,,,,,,,,,,,,,,,,,,,,,,,,,
cg19590578,,,,,,,,,,,,,,,,,,,,,,,,,,,,,,,,,,,,,,,,,,,,,,,,,,,,,,,,,,,,,
cg19727817,,,,,,,,,,,,,,,,,,,,,,,,,,,,,,,,,,,,,,,,,,,,,,,,,,,,,,,,,,,,,
cg20451680,,,,,,,,,,,,,,,,,,,,,,,,,,,,,,,,,,,,,,,,,,,,,,,,Gain,,,,,,,,,,,,,
cg22025206,,,,,,,,,,Gain,,,,,,,,Gain,,,,,,,,,,,,,,,,,,,,,,,,,,,,,,,,,,,,,,,,,,,
cg22675956,,,,,,,,,,,,,,,,,,,,,,,,,,,,,,,,,,,,,,,,,,,,,,,,,,,,,,,,,,,,,
cg23248424,,,,,,,,,,,,,,,,,,,,,,,,,,,,,,,,,,,,,,,,,,,,,,,,,,,,,,,,,,,,,
cg23521468,,,,,,,,,,,,,,,,,,,,,,,,,,,,,,,,,,,,,,,,,,,,,,,,,,,,,,,,,,,,,
cg23522872,Gain,,,,,,,,,,,,,,,,,Gain,,,,,,,,,,Loss,,Gain,,,,,,,,,,,,,,,,,,,,,,,,Loss,,,,,,,
cg25102726,Gain,,,,,,,,,,,,,,,,,Gain,,,,,,,,,,Loss,,,,,,,,,,,,,,,,,,,,,,,,,,Loss,,,,,,,
cg25218470,,,,,,,,,,,,,,,,,,,,,,,,,,,,,,,,,,,,,,,,,,,,,,,,,,,,,,,,,,,,,
cg25340688,,,,,,,,,,,,,,,,,,,,,,,,,,,,,,,,,,,,,,,,,,,,,,,,,,,,,,,,,,,,,
cg26690304,Gain,,,,,,,,,,,,,,,,,Gain,,,,,,,,,,Loss,,,,,,,,,,,,,,,,,,,,,,,,,,Loss,,,,,,,
cg26875852,Gain,,,,,,,,,,,,,,,,,Gain,,,,,,,,,,Loss,,,,,,,,,,,,,,,,,,,,,,,,,,Loss,,,,,,,
cg26896946,,,,,,,,,,,,,,,,,,,,,,,,,,,,,,,,,,,,,,,,,,,,,,,,,,,,,,,,,,,,,
cg27586797,,,,,,,,,,,,,,,,,,Gain,,,,,,,,,,Loss,,High Copy Gain,,,,,,,,,,,,,,,,,,,,,,,,Loss,,,,,,,
cg00101728,,,,,,,,,,,,,,,High Copy Gain,,,,,,,,,,,,,,,,,,,,Gain,,,,,,,,,,,,,,,,,,,,,,,,,,
cg00116315,,,,,,,,,,,,,,,,,,,,,,,,,,,,,,,,,,,Gain,,,,,,,,,,,,,,,,,,,,,,,,,,
cg00219626,,,,,,,,,,,,,,,,,,,,,,,,,,,,,,,,,,,Gain,,,,,,,,,,,,,,,,,,,,,,,,,,
cg00872984,,,,,,,,,,,,,,,,,,,,,,,,,,,,,,,,,,,Gain,,,,,,,,,,,,,,,,,,,,,,,,,,
cg00942918,,,,,Loss,,,,,,,,,,,,,,,,,,,,,,,,,,,,,,Gain,,,,,,,,,,,,,,,,,,,,,,,,,,
cg01238672,Loss,,,,,,,,,,,Loss,,,,,Loss,,,,,,,,,Loss,,,,,,,,,Loss,,,,Homozygous Loss,Loss,,,Loss,,,,,,,,,,,,,,,,Loss,,
cg01474544,,,,,,,,,,,,,,,High Copy Gain,,,,,,,,,,,,,,,,,,,,Gain,,,,,,,,,,,,,,,,,,,,,,,,,,
cg01869058,,,,,,,,,,,,,,,,,,,,,,,,,,,,,,,,,,,Gain,,,,,,,,,,,,,,,,,,,,,,,,,,
cg01883195,Loss,,,,,,,,,,,Loss,,,,,,,,,,,,,,Loss,Loss,,,,,,,Loss,Loss,,,Loss,Loss,Loss,,,Loss,,,,,,,,,,,,,,,,Loss,,
cg02270332,Loss,,,,,,,,,,,Loss,,,,,,,,,Loss,,,,,Loss,Loss,,,,,,,Loss,Loss,,,Loss,Loss,Loss,,,Loss,,,,,,,,,,,,,Loss,,,Loss,,
cg02377690,,,,,,,,,,,,,,,,,,,,,,,,,,,,,,,,,,,Gain,,,,,,,,,,,,,,,,,,,,,,,,,,
cg02631126,,,,,,,,,,,,,,,,,,,,,,,,,,,,,,,,,,,Gain,,,,,,,,,,,,,,,,,,,,,,,,,,
cg03228974,,,,,,,,,,,,,,,,,,,,,,,,,,,,,,,,,,,Gain,,,,,,,,,,,,,,,,,,,,,,,,,,
cg03350138,,,,,,,,,,,,,,,,,,,,,,,,,,,,,,,,,,,Gain,,,,,,,,,,,,,,,,,,,,,,,,,,
cg04142955,,,,,,,,,,,,,,,,,,,,,,,,,,,,,,,,,,,Gain,,,,,,,,,,,,,,,,,,,,,,,,,,
cg04522432,,,,,,,,,,,,,,,,,,,,,,,,,,,,,,,,,,,Gain,,,,,,,,,,,,,,,,,,,,,,,,,,
cg04612667,,,,,,,,,,,,,,,,,,,,,,,,,,,,,,,,,,,Gain,,,,,,,,,,,,,,,,,,,,,,,,,,
cg04749507,,,,,,,,,,,,,,,,,,,,,,,,,,,,,,,,,,,Gain,,,,,,,,,,,,,,,,,,,,,,,,,,
cg04767753,,,,,,,,,,,,,,,High Copy Gain,,,,,,,,,,,,,,,,,,,,Gain,,,,,,,,,,,,,,,,,,,,,,,,,,
cg05237015,Loss,,,,,,,,,,,Loss,,,,,,,,,Loss,,,,,Loss,Loss,,,,,,,Loss,Loss,,,Loss,Loss,Loss,,,,,,,,,,,,,,,,,,,Loss,,
cg05567646,Loss,,,,,,,,,,,Loss,,,,,,,,,Loss,,,,,Loss,Loss,,,,,,,Loss,Loss,,,Loss,Loss,Loss,,,,,,,,,,,,,,,,,,,Loss,,
cg06386482,,,,,,,,,,,,,,,,,,,,,,,Loss,,,Loss,,,,,,,,,Gain,,,,,,,,,,,,,,,,,,,,,,,,,,
cg06388363,Loss,,,,,,,,,,,Loss,,,,,Loss,,,,,,,,,Loss,,,,,,,,Loss,Loss,,,Loss,Loss,Loss,,,Loss,,,,,,,,,,,,,,,,Loss,,
cg06864789,Loss,,,,,,,,,,,Loss,,,,,Loss,,,,,,,,,Loss,,,,,,,,Loss,Loss,,,Loss,Loss,Loss,,,Loss,,,,,,,,,,,,,,,,Loss,,
cg07257824,Loss,,,,,,,,,,,Loss,,,,,Loss,,,,,,,,,Loss,,,,,,,,,Loss,,,,Homozygous Loss,Loss,,,Loss,,,,,,,,,,,,,,,,Loss,,
cg07571531,Loss,,,,,,,,,,,Loss,,,,,Loss,,,,,,,,,Loss,,,,,,,,Loss,Loss,,,Loss,Loss,Loss,,,Loss,,,,,,,,,,,,,,,,Loss,,
cg07734926,,,,,,,,,,,,,,,,,,,,,,,,,,,,,,,,,,,Gain,,,,,,,,,,,,,,,,,,,,,,,,,,
cg07885132,,,,,,,,,,,,,,,,,,,,,,,,,,,,,,,,,,,Gain,,,,,,,,,,,,,,,,,,,,,,,,,,
cg08313539,Loss,,,,,,,,,,,Loss,,,,,,,,,,,,,,Loss,,,,,,,,Loss,Loss,,,Loss,Loss,Loss,,,Loss,,,,,,,,,,,,,,,,Loss,,
cg08497487,,,,,,,,,,,,,,,,,,,,,,,,,,,,,,,,,,,Gain,,,,,,,,,,,,,,,,,,,,,,,,,,
cg08660295,,,,,,,,,,,,,,,High Copy Gain,,,,,,,,,,,,,,,,,,,,Gain,,,,,,,,,,,,,,,,,,,,,,,,,,
cg08710841,,,,,,,,,,,,,,,,,,,,,,,,,,,,,,,,,,,Gain,,,,,,,,,,,,,,,,,,,,,,,,,,
cg09012858,,,,,,,,,,,,,,,,,,,,,,,,,,,,,,,,,,,Gain,,,,,,,,,,,,,,,,,,,,,,,,,,
cg09140531,,,,,,,,,,,,,,,,,,,,,,,,,,Loss,,,,,,,,,Gain,,,,,,,,,,,,,,,,,,,,,,,,,,
cg09459982,,,,,,,,,,,,,,,,,,,,,,,,,,,,,,,,,,,Gain,,,,,,,,,,,,,,,,,,,,,,,,,,
cg09876447,,,,,,,,,,,,,,,,,,,,,,,,,,,,,,,,,,,Gain,,,,,,,,,,,,,,,,,,,,,,,,,,
cg10223234,,,,,,,,,,,,,,,,,,,,,,,,,,,,,,,,,,,Gain,,,,,,,,,,,,,,,,,,,,,,,,,,
cg11406274,,,,,,,,,,,,,,,,,,,,,,,,,,,,,,,,,,,Gain,,,,,,,,,,,,,,,,,,,,,,,,,,
cg11611580,Loss,,,,,,,,,,,Loss,,,,,,,,,,,,,,Loss,Loss,,,,,,,Loss,Loss,,,Loss,Loss,Loss,,,Loss,,,,,,,,,,,,,Loss,,,Loss,,
cg11811828,,,,,,,,,,,,,,,,,,,,,,,,,,,,,,,,,,,Gain,,,,,,,,,,,,,,,,,,,,,,,,,,
cg12584458,,,,,,,,,,,,,,,,,,,,,,,,,,,,,,,,,,,Gain,,,,,,,,,,,,,,,,,,,,,,,,,,
cg12602851,High Copy Gain,,,,,,,,,,,,,,,,,,,,High Gain,,,,,Loss,,,,,,,,,,,,,,,,,,,,,,,,,,,,,,,,,,,
cg12623302,,,,,,,,,,,,,,,,,,,,,,,,,,,,,,,,,,,Gain,,,,,,,,,,,,,,,,,,,,,,,,,,
cg12672189,,,,,,,,,,,,,,,,,,,,,,,,,,,,,,,,,,,Gain,,,,,,,,,,,,,,,,,,,,,,,,,,
cg13069441,,,,,,,,,,,,,,,,,,,,,,,,,,,,,,,,,,,Gain,,,,,,,,,,,,,,,,,,,,,,,,,,
cg13143120,,,,,,,,,,,,,,,,,,,,,,,,,,,,,,,,,,,Gain,,,,,,,,,,,,,,,,,,,,,,,,,,
cg13602274,,,,,,,,,,,,,,,,,,,,,,,,,,,,,,,,,,,Gain,,,,,,,,,,,,,,,,,,,,,,,,,,
cg14036627,,,,,,,,,,,,,,,,,,,,,,,,,,,,,,,,,,,Gain,,,,,,,,,,,,,,,,,,,,,,,,,,
cg14115346,,,,,,,,,,,,,,,High Copy Gain,,,,,,,,,,,,,,,,,,,,Gain,,,,,,,,,,,,,,,,,,,,,,,,,,
cg14132236,,,,,,,,,,,,,,,,,,,,,,,,,,,,,,,,,,,Gain,,,,,,,,,,,,,,,,,,,,,,,,,,
cg14590011,,,,,,,,,,,,,,,,,,,,,,,,,,,,,,,,,,,Gain,,,,,,,,,,,,,,,,,,,,,,,,,,
cg14989243,High Copy Gain,,,,,,,,,,,,,,,,,,,,High Gain,,,,,Loss,,,,,,,,,,,,,,,,,,,,,,,,,,,,,,,,,,,
cg15070894,,,,,,,,,,,,,,,,,,,,,,,,,,,,,,,,,,,Gain,,,,,,,,,,,,,,,,,,,,,,,,,,
cg15234946,Loss,,,,,,,,,,,Loss,,,,,,,,,,,,,,Loss,Loss,,,,,,,Loss,Loss,,,Loss,Loss,Loss,,,Loss,,,,,,,,,,,,,,,,Loss,,
cg15279541,,,,,,,,,,,,,,,,,,,,,,,,,,,,,,,,,,,,,,,,,,,,,,,,,,,,,,,,,,,,,
cg15946590,,,,,,,,,,,,,,,,,,,,,,,,,,,,,,,,,,,Gain,,,,,,,,,,,,,,,,,,,,,,,,,,
cg16073143,Loss,,,,,,,,,,,Loss,,,,,Loss,,,,,,,,,Loss,,,,,,,,Loss,Loss,,,Loss,Loss,Loss,,,Loss,,,,,,,,,,,,,,,,Loss,,
cg16699385,Loss,,,,,,,,,,,Loss,,,,,Loss,,,,,,,,,Loss,,,,,,,,Loss,Loss,,,Loss,Loss,Loss,,,Loss,,,,,,,,,,,,,,,,Loss,,
cg16935061,,,,,,,,,,,,,,,High Copy Gain,,,,,,,,,,,,,,,,,,,,Gain,,,,,,,,,,,,,,,,,,,,,,,,,,
cg17204113,,,,,,,,,,,,,,,High Copy Gain,,,,,,,,,,,,,,,,,,,,Gain,,,,,,,,,,,,,,,,,,,,,,,,,,
cg17931227,,,,,,,,,,,,,,,,,,,,,,,,,,,,,,,,,,,Gain,,,,,,,,,,,,,,,,,,,,,,,,,,
cg17974424,,,,,,,,,,,,,,,High Copy Gain,,,,,,,,,,,,,,,,,,,,Gain,,,,,,,,,,,,,,,,,,,,,,,,,,
cg18136963,Loss,,,,,,,,,,,Loss,,,,,Loss,,,,,,,,,Loss,,,,,,,,Loss,Loss,,,Loss,Loss,Loss,,,Loss,,,,,,,,,,,,,,,,Loss,,
cg18278486,,,,,,,,,,,,,,,,,,,,,,,,,,,,,,,,,,,Gain,,,,,,,,,,,,,,,,,,,,,,,,,,
cg18322025,Loss,,,,,,,,,,,Loss,,,,,Loss,,,,,,,,,Loss,,,,,,,,,Loss,,,,Homozygous Loss,Loss,,,Loss,,,,,,,,,,,,,,,,Loss,,
cg18816397,,,,,,,,,,,,,,,,,,,,,,,,,,,,,,,,,,,Gain,,,,,,,,,,,,,,,,,,,,,,,,,,
cg19579217,,,,,,,,,,,,,,,High Copy Gain,,,,,,,,,,,,,,,,,,,,Gain,,,,,,,,,,,,,,,,,,,,,,,,,,
cg20980321,,,,,,,,,,,,,,,,,,,,,,,,,,,,,,,,,,,Gain,,,,,,,,,,,,,,,,,,,,,,,,,,
cg21855021,Loss,,,,,,,,,,,Loss,,,,,Loss,,,,,,,,,Loss,,,,,,,,Loss,Loss,,,Loss,Loss,Loss,,,Loss,,,,,,,,,,,,,,,,Loss,,
cg22297966,,,,,,,,,,,,,,,,,,,,,,,,,,,,,,,,,,,Gain,,,,,,,,,,,,,,,,,,,,,,,,,,
cg23252259,,,,,,,,,,,,,,,,,,,,,,,,,,,,,,,,,,,Gain,,,,,,,,,,,,,,,,,,,,,,,,,,
cg23906067,,,,,,,,,,,,,,,,,,,,,,,,,,,,,,,,,,,Gain,,,,,,,,,,,,,,,,,,,,,,,,,,
cg25063707,,,,,,,,,,,,,,,,,,,,,,,,,,,,,,,,,,,Gain,,,,,,,,,,,,,,,,,,,,,,,,,,
cg25399239,Loss,,,,,,,,,,,Loss,,,,,Loss,,,,,,,,,Loss,,,,,,,,Loss,Loss,,,Loss,Loss,Loss,,,Loss,,,,,,,,,,,,,,,,Loss,,
cg25716013,High Copy Gain,,,,,,,,,,,,,,,,,,,,High Gain,,,,,Loss,,,,,,,,,,,,,,,,,,,,,,,,,,,,,,,,,,,
cg26668675,,,,,,,,,,,,,,,,,,,,,,,,,,,,,,,,,,,Gain,,,,,,,,,,,,,,,,,,,,,,,,,,
cg26818629,,,,,,,,,,,,,,,,,,,,,,,,,,,,,,,,,,,Gain,,,,,,,,,,,,,,,,,,,,,,,,,,
cg26850117,Loss,,,,,,,,,,,Loss,,,,,Loss,,,,,,,,,Loss,,,,,,,,,Loss,,,,Homozygous Loss,Loss,,,Loss,,,,,,,,,,,,,,,,Loss,,
cg26968378,,,,,,,,,,,,,,,,,,,,,,,,,,,,,,,,,,,Gain,,,,,,,,,,,,,,,,,,,,,,,,,,
cg27547543,,,,,,,,,,,,,,,,,,,,,,,,,,,,,,,,,,,Gain,,,,,,,,,,,,,,,,,,,,,,,,,,
cg00506049,,,,,,,,,Gain,,,,,,,,,,,,,,,,,,,,,,,,,,,,,,,,,,,,,,,,,,,,,,,,,,,,
cg01499522,,,,,,,,,Gain,,,,,,,,,,,,,,,,,,,,,,,,,,,,,,,,,,,,,,,,,,,,,,,,,,,,
cg01830073,,,,,,,,,Gain,,,,,,,,,,,,,,,,,,,,,,,,,,,,,,,,,,,,,,,,,,,,,,,,,,,,
cg02193461,,,,,,,,,Gain,,,,,,,,,,,,,,,,,Loss,,,,,,,,,,,,,Loss,,,,,,,,,,,,,,,,,,,,,,
cg02207386,,,,,,,,,Gain,,,,Gain,,,,,,,,,,,,Gain,,,,,,,,,,,,,,,Loss,,,Gain,,,,,,Gain,Gain,,,,Gain,,,,,,,
cg02984009,,,,,,,,,Gain,,,,,,,,,,,,,,,,,,,,,,,,,,,,,,,,,,,,,,,,,,,,,,,,,,,,
cg03027739,,,,,,,,,Gain,,,,,,,,,,,,,,,,,Loss,,,,,,,,,,,,,Loss,,,,,,,,,,,,,,,,,,,,,,
cg03454541,,,,,,,,,Gain,,,,Gain,,,,,,,Gain,,,,,Gain,,,,,,,,,,,,,,,Loss,,,Gain,,,,,,Gain,Gain,,,,Gain,,,,,,,
cg03552937,,,,,,,,,Gain,,,,Gain,,,,,,,,,,,,Gain,,,,,,,,,,,,,,,,,,Gain,,,,,,Gain,Gain,,,,Gain,,,,,,,
cg04816699,,,,,,,,,Gain,,,,Gain,,,,,,,Gain,,,,,Gain,,,,,,,,,,,,,,,Loss,,,Gain,,,,,,Gain,Gain,,,,Gain,,,,,,,
cg05667818,,,,,,,,,Gain,,,,,,,,,,,,,,,,,,,,,,,,,,,,,,,,,,,,,,,,,,,,,,,,,,,,
cg05779406,,,,,,,,,Gain,,,,Gain,,,,,,,Gain,,,,,Gain,,,,,,,,,,,,,,,Loss,,,Gain,,,,,,Gain,Gain,,,,Gain,,,,,,,
cg05929675,,,,,,,,,Gain,,,,Gain,,,,,,,,,,,,Gain,,,,,,,,,,,,,,,Loss,,,Gain,,,,,,Gain,Gain,,,,Gain,,,,,,,
cg06166490,,,,,,,,,Gain,,,,Gain,,,,,,,,,,,,Gain,,,,,,,,,,,,,,,Loss,,,Gain,,,,,,Gain,Gain,,,,Gain,,,,,,,
cg06761584,,,,,,,,,Gain,,,,,,,,,,,,,,,,,Loss,,,,,,,,,,,,,Loss,,,,,,,,,,,,,,,,,,,,,,
cg06955417,,,,,,,,,Gain,,,,Gain,,,,,,,Gain,,,,,Gain,,,,,,,,,,,,,,,Loss,,,Gain,,,,,,Gain,Gain,,,,Gain,,,,,,,
cg09669835,,,,,,,,,Gain,,,,,,,,,,,,,,,,,,,,,,,,,,,,,,,,,,,,,,,,,,,,,,,,,,,,
cg09916174,,,,,,,,,Gain,,,,,,,,,,,,,,,,,Loss,,,,,,,,,,,,,Loss,,,,,,,,,,,,,,,,,,,,,,
cg10157098,,,,,,,,,Gain,,,,,,,,,,,,,,,,,Loss,,,,,,,,,,,,,Loss,,,,,,,,,,,,,,,,,,,,,,
cg11945929,,,,,,,,,Gain,,,,,,,,,,,,,,,,,,,,,,,,,,,,,,,,,,,,,,,,,,,,,,,,,,,,
cg12560447,,,,,,,,,Gain,,,,,,,,,,,,,,,,,Loss,,,,,,,,,,,,,Loss,,,,,,,,,,,,,,,,,,,,,,
cg13578160,,,,,,,,,Gain,,,,,,,,,,,,,,,,,,,,,,,,,,,,,,,,,,,,,,,,,,,,,,,,,,,,
cg13710556,,,,,,,,,Gain,,,,Gain,,,,,,,,,,,,Gain,,,,,,,,,,,,,,,Loss,,,Gain,,,,,,Gain,Gain,,,,Gain,,,,,,,
cg14662585,,,,,,,,,Gain,,,,Gain,,,,,,,Gain,,,,,Gain,,,,,,,,,,,,,,,Loss,,,Gain,,,,,,Gain,Gain,,,,Gain,,,,,,,
cg15285764,,,,,,,,,Gain,,,,,,,,,,,,,,,,,,,,,,,,,,,,,,,,,,,,,,,,,,,,,,,,,,,,
cg15575538,,,,,,,,,Gain,,,,Gain,,,,,,,,,,,,Gain,,,,,,,,,,,,,,,Loss,,,Gain,,,,,,Gain,Gain,,,,Gain,,,,,,,
cg15881597,,,,,,,,,Gain,,,,,,,,,,,,,,,,,,,,,,,,,,,,,,,,,,,,,,,,,,,,,,,,,,,,
cg15935721,,,,,,,,,Gain,,,,,,,,,,,,,,,,,,,,,,,,,,,,,,,,,,,,,,,,,,,,,,,,,,,,
cg16453056,,,,,,,,,Gain,,,,,,,,,,,,,,,,,,,,,,,,,,,,,,,,,,,,,,,,,,,,,,,,,,,,
cg17264513,,,,,,,,,Gain,,,,Gain,,,,,,,Gain,,,,,Gain,,,,,,,,,,,,,,,Loss,,,Gain,,,,,,Gain,Gain,,,,Gain,,,,,,,
cg18209323,,,,,,,,,Gain,,,,,,,,,,,,,,,,,,,,,,,,,,,,,,,,,,,,,,,,,,,,,,,,,,,,
cg18577231,,,,,,,,,Gain,,,,,,,,,,,,,,,,,Loss,,,,,,,,,,,,,Loss,,,,,,,,,,,,,,,,,,,,,,
cg19435720,,,,,,,,,Gain,,,,,,,,,,,,,,,,,,,,,,,,,,,,,,,,,,,,,,,,,,,,,,,,,,,,
cg20104432,,,,,,,,,Gain,,,,,,,,,Loss,,,,,,,,Loss,,,,,,,,,,,,,Loss,,,,,,,,,,,,,,,,,,,,,,
cg20665157,,,,,,,,,Gain,,,,,,,,,,,,,,,,,Loss,,,,,,,,,,,,,,,,,,,,,,,,,,,,,,,,,,,
cg21004899,,,,,,,,,Gain,,,,Gain,,,,,,,,,,,,Gain,,,,,,,,,,,,,,,Loss,,,Gain,,,,,,Gain,Gain,,,,Gain,,,,,,,
cg21406967,,,,,,,,,Gain,,,,,,,,,,,,,,,,,,,,,,,,,,,,,,,,,,,,,,,,,,,,,,,,,,,,
cg21724654,,,,,,,,,Gain,,,,,,,,,,,,,,,,,,,,,,,,,,,,,,,,,,,,,,,,,,,,,,,,,,,,
cg22047901,,,,,,,,,Gain,,,,,,,,,,,,,,,,,Loss,,,,,,,,,,,,,Loss,,,,,,,,,,,,,,,,,,,,,,
cg22330875,,,,,,,,,Gain,,,,Gain,,,,,,,,,,,,Gain,,,,,,,,,,,,,,,Loss,,,Gain,,,,,,Gain,Gain,,,,Gain,,,,,,,
cg22750906,,,,,,,,,Gain,,,,Gain,,,,,,,Gain,,,,,Gain,,,,,,,,,,,,,,,Loss,,,Gain,,,,,,Gain,Gain,,,,Gain,,,,,,,
cg23068772,,,,,,,,,Gain,,,,Gain,,,,,,,,,,,,Gain,,,,,,,,,,,,,,,Loss,,,Gain,,,,,,Gain,Gain,,,,Gain,,,,,,,
cg23117316,,,,,,,,,Gain,,,,,,,,,Loss,,,,,,,,Loss,,,,,,,,,,,,,Loss,,,,,,,,,,,,,,,,,,,,,,
cg23192873,,,,,,,,,Gain,,,,,,,,,,,,,,,,,,,,,,,,,,,,,,,,,,,,,,,,,,,,,,,,,,,,
cg23305129,,,,,,,,,Gain,,,,,,,,,,,,,,,,,,,,,,,,,,,,,,,,,,,,,,,,,,,,,,,,,,,,
cg25783361,,,,,,,,,Gain,,,,Gain,,,,,,,,,,,,Gain,,,,,,,,,,,,,,,,,,Gain,,,,,,,Gain,,,,Gain,,,,,,,
cg26012061,,,,,,,,,Gain,,,,Gain,,,,,,,Gain,,,,,Gain,,,,,,,,,,,,,,,Loss,,,Gain,,,,,,Gain,Gain,,,,Gain,,,,,,,
cg26967842,,,,,,,,,Gain,,,,,,,,,,,,,,,,,,,,,,,,,,,,,,,,,,,,,,,,,,,,,,,,,,,,
cg27203184,,,,,,,,,Gain,,,,,,,,,,,,,,,,,,,,,,,,,,,,,,,,,,,,,,,,,,,,,,,,,,,,
cg00643296,,,Loss,,,,,,,Loss,,,,,,,,,,,,,,,,,,,,,Loss,,,,,,,,,Loss,,,,Loss,,,,,,,,,,,,,,,,,
cg01319235,,,,,,,,,,,,Gain,,,,,,,,,Gain,,,,,,,Gain,,,,Gain,,,,,,,,,,,,,,,,,,,,,,,,High Copy Gain,,,Gain,,
cg01385052,,,,,,,,,,,,Gain,,,,,,,,,Gain,,,,,,,Gain,,,,Gain,,,,,,,,,,,,,,,,,,,,,,,,High Copy Gain,,,Gain,,
cg02980621,,,,,,,,,,,,,,,,,,,,,,,,,,,,,,,,,,,,,,,,,,,,,,,,,,,,,,,,,,,,,
cg03003919,,,,,,,,,,,,Gain,,,,,,,,,,,,,,,,,,,,Gain,,,,,,,,,,,,,,,,,,,,,,,,,,,,,
cg03894796,,,,,,,,,,,,Gain,,,,,,,,,Gain,,,,,,,Gain,,,,Gain,,,,,,,,,Gain,,,,,,,,,,,,,,,High Copy Gain,,,Gain,,
cg04671734,Loss,,Loss,,,,,,,Loss,,,,,,,,,,,,,,,,,,Loss,,,,Loss,,,,,,,,Loss,,,,Loss,,,,,Loss,,,,,,,,,,,,
cg04724477,,,,,,,,,,,,Gain,,,,,,,,,Gain,,,,,,,Gain,,,,Gain,,,,,,,,,,,,,,,,,,,,,,,,High Copy Gain,,,Gain,,
cg04966191,,,,,,,,,,,,Gain,,,,,,,,,Gain,,,,,,,Gain,,,,Gain,,,,,,,,,,,,,,,,,,,,,,,,High Copy Gain,,,Gain,,
cg05807444,,,,,,,,,,,,Gain,,,,,,,,,Gain,,,,,,,Gain,,,,Gain,,,,,,,,,,,,,,,,,,,,,,,,High Copy Gain,,,Gain,,
cg06070970,,,,,,,,,,,,Gain,,,,,,,,,Gain,,,,,,,Gain,,,,Gain,,,,,,,,,Gain,,,,,,,,,,,,,,,High Copy Gain,,,Gain,,
cg08242633,Loss,,Loss,,,,,,,Loss,,,,,,,,,,,,,,,,,,Loss,,,,Loss,,,,,,,,Loss,,,,Loss,,,,,Loss,,,,,,,,,,,,
cg08247852,,,Loss,,,,,,,,,,,,,,,,,,,,,,,,,,,,,,,,,,,,,,,,,,,,,,,,,,,,,,,,,,
cg09945801,,,Loss,,,,,,,Loss,,,,,,,,,,,,,,,,,,,,,,,,,,,,,,Loss,,,,Loss,,,,,,,,,,,,,,,,,
cg09981361,,,,,,,,,,,,Gain,,,,,,,,,Gain,,,,,,,,,,,Gain,,,,,,,,,,,,,,,,,,,,,,,,High Copy Gain,,,Gain,,
cg10039928,,,,,,,,,,,,Gain,,,,,,,,,Gain,,,,,,,,,,,Gain,,,,,,,,,,,,,,,,,,,,,,,,High Copy Gain,,,,,
cg10327428,,,Loss,,,,,,,,,,,,,,,,,,,,,,,,,,,,,Loss,,,,,,,,,,,,,,,,,,,,,,,,,,,,,
cg11491002,,,,,,,,,,,,,,,,,,,,,,,,,,,,,,,,,,,,,,,,,,,,,,,,,,,,,,,,,,,,,
cg11583762,,,Loss,,,,,,,,,,,,,,,,,,,,,,,,,,,,,Loss,,,,,,,,,,,,,,,,,,,,,,,,,,,,,
cg13346869,,,Loss,,,,,,,,,,,,,,,,,,,,,,,,,,,,,,,,,,,,,,,,,,,,,,,,,,,,,,,,,,
cg18570392,,,,,,,,,,,,Gain,,,,,,,,,,,,,,,,,,,,Gain,,,,,,,,,,,,,,,,,,,,,,,,,,,,,
cg19632760,,,,,,,,,,,,Gain,,,,,,,,,,,,,,,,,,,,Gain,,,,,,,,,,,,,,,,,,,,,,,,,,,,,
cg19682134,,,,,,,,,,,,Gain,,,,,,,,,Gain,,,,,,,Gain,,,,Gain,,,,,,,,,,,,,,,,,,,,,,,,High Copy Gain,,,Gain,,
cg19806221,,,Loss,,,,,,,,,,,,,,,,,,,,,,,,,,,,,,,,,,,,,,,,,,,,,,,,,,,,,,,,,,
cg20366110,,,,,,,,,,,,Gain,,,,,,,,,Gain,,,,,,,Gain,,,,Gain,,,,,,,,,,,,,,,,,,,,,,,,High Copy Gain,,,Gain,,
cg20463151,Loss,,Loss,,,,,,,Loss,,,,,,,,,,,,,,,,,,Loss,,,Loss,Loss,,,,,,,,Loss,,,,Loss,,,,,Loss,,,,,,,,,,,,
cg20845050,,,,,,,,,,,,Gain,,,,,,,,,Gain,,,,,,,Gain,,,,Gain,,,,,,,,,,,,,,,,,,,,,,,,High Copy Gain,,,Gain,,
cg21244580,,,,,,,,,,,,Gain,,,,,,,,,,,,,,,,,,,,Gain,,,,,,,,,,,,,,,,,,,,,,,,,,,,,
cg21505509,,,Loss,,,,,,,,,,,,,,,,,,,,,,,,,,,,,,,,,,,,,,,,,,,,,,,,,,,,,,,,,,
cg23245289,,,Loss,,,,,,,,,,,,,,,,,,,,,,,,,,,,,,,,,,,,,,,,,,,,,,,,,,,,,,,,,,
cg24636969,,,,,,,,,,,,Gain,,,,,,,,,,,,,,,,,,,,Gain,,,,,,,,,,,,,,,,,,,,,,,,,,,,,
cg26041569,,,Loss,,,,,,,Loss,,,,,,,,,,,,,,,,,,,,,,Loss,,,,,,,,,,,,Loss,,,,,,,,,,,,,,,,,
cg27053337,,,,,,,,,,,,Gain,,,,,,,,,Gain,,,,,,,Gain,,,,Gain,,,,,,,,,,,,,,,,,,,,,,,,High Copy Gain,,,Gain,,
cg00220243,,,,,,,,,,,,,,,,,,,,,,Gain,,Loss,,,,,,,Gain,,,,,,,,Loss,Loss,,,,,,,,,,,,,,,,,,,,,
cg01126560,,,,,,,,,,,,,,,,,,,,,,Gain,,Loss,,,,,,,Gain,,,,,,,,Loss,Loss,,,,,,,,,,,,,,,,,Loss,,,,
cg03191962,,,,,,,,,,,,,,,,,,,,,,Gain,,Loss,,,,,,,Gain,,,,,,,,Loss,Loss,,,,,,,,,,,,,,,,,,,,,
cg03576809,,,,,,,,,,,,,,,,,,,,,Loss,,,Loss,,,,Loss,,,,,,,,,,,Loss,Loss,,,,,,,,Loss,,,,,,,,,Loss,,,,
cg04824555,,,,,,,,,,,,,,,,,,,,,,,,,,,,,,,,,,,,,,,Loss,,,,,,,,,,,,,,,,,,,,,,
cg07881032,,,,,,,Loss,,Loss,,,,,,,,,,,,,Gain,,Loss,,,,Loss,,,Loss,,,,,,,,Loss,Loss,,,,Loss,,,,Loss,,,,Loss,,,,,,,,,Loss
cg13518232,,,,,,,,,,,,,,,,,,,,,,Gain,,Loss,,,,,,,Gain,,,,,,,,Loss,Loss,,,,,,,,,,,,,,,,,Loss,,,,
cg13573611,,,,,,,,,,,,,,,,,,,,,,Gain,,Loss,,,,,,,Gain,,,,,,,,Loss,Loss,,,,,,,,,,,,,,,,,Loss,,,,
cg13891189,,,,,,,,,Loss,,,,,,,,,,,,,Gain,,Loss,,,,,,,Gain,,,,,,,,Loss,Loss,,,,,,,,,,,,Loss,,,,,,,,,
cg14182974,,,,,,,,,,,,,,,,,,,,,Loss,,,Loss,,,,Loss,,,,,,Loss,,,,,Loss,Loss,,,,,,,,,,Gain,,,,,,,Loss,,,,
cg19519624,,,,,,,,,,,,,,,,,,,,,,Gain,,Loss,,,,,,,Gain,,,,,,,,Loss,Loss,,,,,,,,,,,,,,,,,Loss,,,,
cg21177396,,,,,,,,,,,,,,,,,,,,,,Gain,,Loss,,,,,,,Gain,,,,,,,,Loss,Loss,,,,,,,,,,,,,,,,,,,,,
cg21891967,,,,,,,Loss,,Loss,,,,,,,,,,,,,Gain,,Loss,,,,Loss,,,Loss,,,,,,,,Loss,Loss,,,,Loss,,,,Loss,,,,Loss,,,,,,,,,Loss
cg00142642,Loss,,,,,,,,,,Gain,Loss,,,,,,Loss,,,,,,,,,,,,,,,,,,,,,,Gain,,,,Loss,,,,,,,,,,,,,Loss,,,Loss,
cg00153041,,,,,,,,,,,,,,,,,,,,,,,,,,,,,,,,,,,,,,,,,,,,,,,,,,,,,,,,,,,,,
cg00169964,,,,,,,,,,,,,,,,,,,,,,,,,,,,,,,,,,Loss,,,,,,Loss,,,,,,,,Loss,,,,,,,,,,,,,
cg00219169,Loss,,,,,,,,,Loss,Gain,Loss,,,,,,Loss,,,Loss,,,,,,,,,,,,,,,,,,,Gain,,,,Loss,,,,,,,,,,,,,Loss,Loss,,Loss,
cg00492979,,,,,,,,,,,,,,,,,,,,,,,,,,,,,,,,,,Loss,,,,,,Loss,,,,,,,,Loss,,,,,,,,,,,,,
cg02971322,,,,,,,,,,,,,,,,,,,,,,,,,,,,,,,,,,Loss,,,,,,Loss,,,,,,,,Loss,,,,,,,,,,,,,
cg03444077,,,,,,,,,,,,,,,,,,,,,,,,,,,,,,Loss,,,,,,,,,,Gain,,,,,,,,,,,,,,,,,,,,,
cg04004590,,,,,,,,,,,,,,,,,,,,,,,,,,,,,,,,,,Loss,,,,,,Gain,,,,,,,,,,,,,,,,,,,,,
cg04309849,,,,,,,,,,,,,,,,,,,,,,,,,,,,,,,,,,Loss,,,,,,Loss,,,,,,,,,,,,,,,,,,,,,
cg06188367,,,,,,,,,,,,,,,,,,,,,,,,,,,,,,Loss,,,,,,,,,,Gain,,,,,,,,,,,,,,,,,,,,,
cg06620993,,,,,,,,,,,,,,,,,,,,,,,,,,,,,,,,,,Loss,,,,,,Loss,,,,,,,,Loss,,,,,,,,,,,,,
cg06850159,,,,,,,,,,,,,,,,,,,,,,,,,,,,,,,,,,Loss,,,,,,Loss,,,,,,,,Loss,,,,,,,,,,,,,
cg07262395,,,,,,,,,,,,,,,,,,,,,,,,,,,,,,,,,,Loss,,,,,,Loss,,,,,,,,Loss,,,,,,,,,,,,,
cg09955645,Loss,,,,,,,,,Loss,Gain,Loss,,,,,,Loss,,,Loss,,,,,,,,,,,,,,,,,,,Gain,,,,Loss,,,,,,,,,,,,,Loss,Loss,,Loss,
cg10475928,,,,,,,,,,,,,,,,,,,,,,,,,,,,,,,,,,Loss,,,,,,Loss,,,,,,,,Loss,,,,,,,,,,,,,
cg11444332,Loss,,,,,,,,,,Gain,Loss,,,,,,Loss,,,Loss,,,,,,,,,,,,,,,,,,,Gain,,,,Loss,,,,,,,,,,,,,Loss,Loss,,,
cg12428160,,,,,,,,,,,,,,,,,,,,,,,,,,,,,,Loss,,,,,,,,,,Gain,,,,,,,,,,,,,,,,,,,,,
cg12450708,,,,,,,,,,,,,,,,,,,,,,,,,,,,,,,,,,Loss,,,,,,Loss,,,,,,,,Loss,,,,,,,,,,,,,
cg12765123,,,,,,,,,,,,,,,,,,,,,,,,,,,,,,,,,,Loss,,,,,,Loss,,,,,,,,,,,,,,,,,,,,,
cg12845268,,,,,,,,,,,,,,,,,,,,,,,,,,,,,,,,,,Loss,,,,,,Gain,,,,,,,,Loss,,,,,,,,,,,,,
cg13221347,,,,,,,,,,,,,,,,,,,,,,,,,,,,,,,,,,Loss,,,,,,Loss,,,,,,,,,,,,,,,,,,,,,
cg14251734,,,,,,,,,,,,,,,,,,,,,,,,,,,,,,,,,,Loss,,,,,,Loss,,,,,,,,Loss,,,,,,,,,,,,,
cg15233961,,,,,,,,,,,,,,,,,,,,,,,,,,,,,,,,,,Loss,,,,,,Loss,,,,,,,,Loss,,,,,,,,,,,,,
cg16351002,,,,,,,,,,,,,,,,,,,,,,,,,,,,,,,,,,Loss,,,,,,Loss,,,,,,,,Loss,,,,,,,,,,,,,
cg16977735,Loss,,,,,,,,,Loss,Gain,Loss,,,,,,Loss,,,Loss,,,,,,,,,,,,,,,,,,,Gain,,,,Loss,,,,,,,,,,,,,Loss,Loss,,Loss,
cg18103548,,,,,,,,,,,,,,,,,,,,,,,,,,,,,,,,,,Loss,,,,,,Loss,,,,,,,,Loss,,,,,,,,,,,,,
cg20503657,Loss,,,,,,,,,,Gain,Loss,,,,,,Loss,,,Loss,,,,,,,,,,,,,,,,,,,Gain,,,,Loss,,,,,,,,,,,,,Loss,Loss,,Loss,
cg21012874,,,,,,,,,,,,,,,,,,,,,,,,,,,,,,,,,,Loss,,Loss,,,,Loss,,,,,,,,Loss,,,,,,,,,,,,,
cg22704845,,,,,,,,,,,,,,,,,,,,,,,,,,,,,,,,,,Loss,,,,,,Loss,,,,,,,,Loss,,,,,,,,,,,,,
cg23331156,,,,,,,,,,,,,,,,,,,,,,,,,,,,,,,,,,Loss,,,,,,Loss,,,,,,,,Loss,,,,,,,,,,,,,
cg24143137,,,,,,,,,,,,,,,,,,,,,,,,,,,,,,,,,,Loss,,,,,,Loss,,,,,,,,Loss,,,,,,,,,,,,,
cg24160569,,,,,,,,,,,,,,,,,,,,,,,,,,,,,,,,,,Loss,,,,,,Gain,,,,,,,,,,,,,,,,,,,,,
cg24696332,,,,,,,,,,,,,,,,,,,,,,,,,,,,,,,,,,Loss,,,,,,Loss,,,,,,,,,,,,,,,,,,,,,
cg00089550,,,,,,,,,,,,,,,,,,,,,,,,,,,,,,,,,,,,,,,,Loss,,,,,,,,,,,,,,,,,,,,,
cg00233420,,,,,,,,,,,,,,,,,,,,,,,,,,,,,,,,,,,,,,,,Loss,,,,High Copy Gain,,,,,,,,,,,,,,,,,
cg00864171,,,,,,,,,,,,,,,,,,,,,,,,,,,,,,,,,,,,,,,,Loss,,,,,,,,,,,,,,,,,,,,,
cg01094687,,,,Gain,,,,,,,,,,,,Loss,,,,,,,,,,,,,,,,,,,,,,,,Loss,,,,Gain,,,,Loss,,,,,,Gain,,,,,,,
cg01421380,,,,,,,,,,,,,,,,,,,,,,,,,,,,,,,,,,,,,,,,Loss,,,,,,,,,,,,,,,,,,,,,
cg01694451,,,,,,,,,,,,,,,,,,,,,,,,,,,,,,,,,,,,,,,,Loss,,,,High Copy Gain,,,,,,,,,,,,,,,,,
cg01794156,,,,,,,,,,,,,,,,,,,,,,,,,,,,,,,,,,,,,,,,Loss,,,,High Copy Gain,,,,,,,,,,,,,,,,,
cg03101664,,,,,,,,,,,,,,,,,,,,,,,,,,,,,,,,,,,,,,,,Loss,,,,,,,,,,,,,,,,,,,,,
cg03222066,,,,Gain,,,,,,,,,,,,Loss,,,,,,,,,,,,,,,,,,,,,,,,Loss,,,,Gain,,,,Loss,,,,,,Gain,,,,,,,
cg03349769,,,,,,,,,,,,,,,,,,,,,,,,,,,,,,,,,,,,,,,,Loss,,,,,,,,,,,,,,,,,,,,,
cg03606954,,,,,,,,,,,,,,,,,,,,,,,,,,,,,,,,,,,,,,,,Loss,,,,High Copy Gain,,,,,,,,,,,,,,,,,
cg04106006,,,,,,,,,,,,,,,,,,,,,,,,,,,,,,,,,,,,,,,,Loss,,,,High Copy Gain,,,,,,,,,,,,,,,,,
cg04468568,,,,Gain,,,,,,,,Gain,,,,Loss,,,,,,,,,,,,,,,,,,,,,,,,Loss,,,,Gain,,,,Loss,,,,,,Gain,,,,,,,
cg04862679,,,,,,,,,,,,,,,,,,,,,,,,,,,,,,,,,,,,,,,,Loss,,,,,,,,,,,,,,,,,,,,,
cg05061471,,,,,,,,,,,,,,,,,,,,,,,,,,,,,,,,,,,,,,,,Loss,,,,High Copy Gain,,,,,,,,,,,,,,,,,
cg05353869,,,,Gain,,,,,,,,,,,,,,,,,,,,,,,,,,,,,,,,,,,,Gain,,,,Gain,,,,Loss,,,,,,Gain,,,,,,,
cg05566455,,,,Gain,,,,,,,,Gain,,,,Loss,,,,,,,,,,,,,,,,,,,,,,,,Loss,,,,Gain,,,,Loss,,,,,,Gain,,,,,,,
cg06705930,,,,,,,,,,,,,,,,,,,,,,,,,,,,,,,,,,,,,,,,Loss,,,,High Copy Gain,,,,,,,,,,,,,,,,,
cg06962549,,,,,,,,,,,,,,,,,,,,,,,,,,,,,,,,,,,,,,,,Loss,,,,High Copy Gain,,,,,,,,,,,,,,,,,
cg06974175,,,,,,,,,,,,,,,,,,,,,,,,,,,,,,,,,,,,,,,,Loss,,,,High Copy Gain,,,,,,,,,,,,,,,,,
cg07238401,,,,,,,,,,,,,,,,,,,,,,,,,,,,,,,,,,,,,,,,Loss,,,,High Copy Gain,,,,,,,,,,,,,,,,,
cg07539927,,,,,,,,,,,,,,,,,,,,,,,,,,,,,,,,,,,,,,,,Loss,,,,,,,,,,,,,,,,,,,,,
cg07716408,,,,,,,,,,,,,,,,,,,,,,,,,,,,,,,,,,,,,,,,Loss,,,,,,,,,,,,,,,,,,,,,
cg07934552,,,,,,,,,,,,,,,,,,,,,,,,,,,,,,,,,,,,,,,,Loss,,,,High Copy Gain,,,,,,,,,,,,,,,,,
cg08355456,,,,,,,,,,,,,,,,,,,,,,,,,,,,,,,,,,,,,,,,Loss,,,,,,,,,,,,,,,,,,,,,
cg08743050,,,,Loss,Loss,,,,,,,Loss,,Loss,Loss,,Loss,,,Loss,,,,Loss,,,,,,Loss,,,,,,,,,,,,,Loss,Loss,,,,Loss,,,,,,Loss,,,,,,,Loss
cg10026995,,,,,,,,,,,,,,,,,,,,,,,,,,,,,,,,,,,,,,,,Loss,,,,High Copy Gain,,,,,,,,,,,,,,,,,
cg10130811,,,,,,,,,,,,,,,,,,,,,,,,,,,,,,,,,,,,,,,,Loss,,,,,,,,,,,,,,,,,,,,,
cg10262710,,,,Gain,,,,,,,,,,,,Loss,,,,,,,,,,,,,,,,,,,,,,,,Loss,,,,Gain,,,,Loss,,,,,,Gain,,,,,,,
cg10283695,,,,Loss,Loss,,,,,Loss,,Loss,,Loss,Loss,,Loss,,,Loss,,,,Loss,,,,,,Loss,,,,,,,,,,Gain,,,,Loss,,,,Loss,,,,,,Loss,,,,,,,
cg10570158,,,,,,,,,,,,,,,,,,,,,,,,,,,,,,,,,,,,,,,,Loss,,,,High Copy Gain,,,,,,,,,,,,,,,,,
cg10961484,,,,Gain,,,,,,,,,,,,Loss,,,,,,,,,,,,,,,,,,,,,,,,Loss,,,,Gain,,,,Loss,,,,,,Gain,,,,,,,
cg11132272,,,,,,,,,,,,,,,,,,,,,,,,,,,,,,,,,,,,,,,,Loss,,,,,,,,,,,,,,,,,,,,,
cg11976911,,,,,,,,,,,,,,,,,,,,,,,,,,,,,,,,,,,,,,,,Loss,,,,High Copy Gain,,,,,,,,,,,,,,,,,
cg12110980,,,,,,,,,,,,,,,,,,,,,,,,,,,,,,,,,,,,,,,,Loss,,,,High Copy Gain,,,,,,,,,,,,,,,,,
cg12904004,,,,,,,,,,,,,,,,,,,,,,,,,,,,,,,,,,,,,,,,Loss,,,,High Copy Gain,,,,,,,,,,,,,,,,,
cg14201467,,,,Loss,Loss,,,,,,,,,Loss,Loss,Gain,Loss,,,Loss,,,,,,,,,Loss,Loss,,,,,,,,,,,,,Loss,Loss,,,,Loss,,,,,,Loss,,,,,,,Loss
cg14933468,,,,,,,,,,,,,,,,,,,,,,,,,,,,,,,,,,,,,,,,Loss,,,,,,,,,,,,,,,,,,,,,
cg15235707,,,,Gain,,,,,,,,,,,,Loss,,,,,,,,,,,,,,,,,,,,,,,,Loss,,,,Gain,,,,Loss,,,,,,Gain,,,,,,,
cg15887846,,,,,,,,,,,,,,,,,,,,,,,,,,,,,,,,,,,,,,,,Loss,,,,,,,,,,,,,,,,,,,,,
cg17840408,,,,,,,,,,,,,,,,,,,,,,,,,,,,,,,,,,,,,,,,Loss,,,,High Copy Gain,,,,,,,,,,,,,,,,,
cg18052274,,,,,,,,,,,,,,,,,,,,,,,,,,,,,,,,,,,,,,,,Loss,,,,High Copy Gain,,,,,,,,,,,,,,,,,
cg19415743,,,,,,,,,,,,,,,,,,,,,,,,,,,,,,,,,,,,,,,,Loss,,,,High Copy Gain,,,,,,,,,,,,,,,,,
cg19624354,,,,Loss,Loss,,,,,,,Loss,,Loss,Loss,,Loss,,,Loss,,,,Loss,,,,,,Loss,,,,,,,,,,,,,Loss,Loss,,,,Loss,,,,,,Loss,,,,,,,Loss
cg20051530,,,,,,,,,,,,,,,,,,,,,,,,,,,,,,,,,,,,,,,,Loss,,,,,,,,,,,,,,,,,,,,,
cg20118840,,,,Gain,,,,,,,,,,,,Loss,,,,,,,,,,,,,,,,,,,,,,,,Loss,,,,Gain,,,,Loss,,,,,,Gain,,,,,,,
cg21570702,,,,Gain,,,,,,,,,,,,,,,,,,,,,,,,,,,,,,,,,,,,Loss,,,,Gain,,,,Loss,Gain,,,,,Gain,,,,,,,
cg23065768,,,,,,,,,,,,,,,,,,,,,,,,,,,,,,,,,,,,,,,,Loss,,,,High Copy Gain,,,,,,,,,,,,,,,,,
cg23149852,,,,Loss,Loss,,,,,,,,,Loss,,Gain,Loss,,,Loss,,,,,,,,,,Loss,,,,,,,,,,,,,,Loss,,,,Loss,,,,,,Loss,,,,,,,Loss
cg23188684,,,,,,,,,,,,,,,,,,,,,,,,,,,,,,,,,,,,,,,,Loss,,,,,,,,,,,,,,,,,,,,,
cg24829292,,,,Gain,,,,,,,,Gain,,,,Loss,,,,,,,,,,,,,,,,,,,,,,,,Loss,,,,Gain,,,,Loss,,,,,,Gain,,,,,,,
cg24851651,,,,,,,,,,,,,,,,,,,,,,,,,,,,,,,,,,,,,,,,Loss,,,,,,,,,,,,,,,,,,,,,
cg24953078,,,,Gain,,,,,,,,,,,,Loss,,,,,,,,,,,,,,,,,,,,,,,,Loss,,,,Gain,,,,Loss,,,,,,Gain,,,,,,,
cg25132257,,,,Loss,Loss,,,,,,,Loss,,Loss,Loss,,Loss,,,Loss,,,,Loss,,,,,,Loss,,,,,,,,,,,,,Loss,Loss,,,,Loss,,,,,,Loss,,,,,,,Loss
cg25258098,,,,,,,,,,,,,,,,,,,,,,,,,,,,,,,,,,,,,,,,Loss,,,,High Copy Gain,,,,,,,,,,,,,,,,,
cg25948180,,,,,,,,,,,,,,,,,,,,,,,,,,,,,,,,,,,,,,,,Loss,,,,High Copy Gain,,,,,,,,,,,,,,,,,
cg26418434,,,,,,,,,,,,,,,,,,,,,,,,,,,,,,,,,,,,,,,,Loss,,,,,,,,,,,,,,,,,,,,,
cg00700412,,,,,,,,,,,,Gain,,,Gain,,,,,,,,,,,,,Gain,,,Gain,,,,,,,,,,Gain,,,,,,,Gain,,,,,,,,,,,Gain,,
cg01844176,,,,,,,,,,,,,,,,,,,,,,,,,,,,,,,Gain,,,,,,,,,,,Loss,,,,,,,,,,,,,,,,,,,
cg03320170,,,,,,,,,,,,Loss,,,,,,,,,,,,,,,,,,,Gain,,,Loss,,,,,,,,,,,,,,,,,,,,,,,,,Loss,,
cg03353445,,,,,,,,,Loss,Loss,,,,,,,,,,,,,,,,,,,,,Gain,,,,Loss,,,,,,,Loss,,,,,,,,,,,,,,,,,,,
cg03495030,,,,,,,,,,,,Gain,,,Gain,,,,,,,,,,,,,Loss,,,Gain,,,,,,,,,Loss,,,,,,,,,,,,,,,,,,,,,
cg03554925,,,,,,,,,,,,,,,Gain,,,,,,,,,,,,,Loss,,,Gain,,,,,,,,,Loss,,,,,,,,,,,,,,,,,,,,,
cg04348558,,,,,,,,,,,,Loss,,,,,,,,,,,,,,,,,,,Gain,,,,,,,,,,,,,,,,,,,,,,,,,,,,Loss,,
cg05134054,,,,,,,,,,,,Gain,,,Gain,,,,,,,,,,,,,,,,Gain,,,,,,,,,Loss,,,,,,,,,,,,,,,,,,,,,
cg05361406,,,,,,,,,,,,Gain,,,Gain,,,,,,,,,,,,,,,,Gain,,,,,,,,,Loss,,,,,,,,,,,,,,,,,,,,,
cg06840837,,,,,,,,,,,,Gain,,,Gain,,,,,,,,,,,,,,,,Gain,,,,,,,,,Loss,,,,,,,,,,,,,,,,,,,,,
cg06868955,,,,,,,,,,,,Gain,,,Gain,,,,,,,,,,,,,Gain,,,Gain,,,,,,,,,,,,,,,,,,,,,,,,,,,,Gain,,
cg07910460,,,,,,,,,,,,Gain,,,Gain,,,,,,,,,,,,,,,,Gain,,,,,,,,,Loss,,,,,,,,,,,,,,,,,,,,,
cg08409225,,,,,,,,,,,,Gain,,,Gain,,,,,,,,,,,,,Gain,,,Gain,,,,,,,,,,Gain,,,,,,,Gain,,,,,,,,,,,Gain,,
cg08455772,,,,,,,,,,,,Gain,,,Gain,,,,,,,,,,,,,Gain,,,Gain,,,,,,,,,,,,,,,,,,,,,,,,,,,,Gain,,
cg08784247,,,,,,,,,,,,Gain,,,Gain,,,,,,,,,,,,,Loss,,,Gain,,,,,,,,,Loss,,,,,,,,,,,,,,,,,,,Gain,,
cg08800396,,,,,,,,,,,,Gain,,,Gain,,,,,,,,,,,,,Loss,,,Gain,,,,,,,,,Loss,,,,,,,,,,,,,,,,,,,,,
cg09328283,,,,,,,,,,Gain,,,,,,,,,,,,,,,,,,,,,Gain,,,,,,,,,,,,,,,,,,,,,,,,,,,,,,
cg09601159,,,,,,,,,Loss,,,,,,,,,,,,,,,,,,,,,,Gain,,,,,,,,,,,Loss,,,,,,,,,,,,,,,,,,,
cg10306450,,,,,,,,,,,,Gain,,,Gain,,,,,,,,,,,,,Gain,,,Gain,,,,,,,,,,Gain,,,,,,,Gain,,,,,,,,,,,Gain,,
cg10317314,,,,,,,,,,,,,,,,,,,,,,,,,,,,,,,Gain,,,,,,,,,,,Loss,,,,,,,,,,,,,,,,,,,
cg10651121,,,,,,,,,,,,Gain,,,Gain,,,,,,,,,,,,,,,,Gain,,,,,,,,,Loss,,,,,,,,,,,,,,,,,,,,,
cg10809165,,,,,,,,,Loss,Loss,,,,,,,,,,,,,,,,,,,,,Gain,,,,,,,,,,,Loss,,,,,,,,,,,,,,,,,,,
cg11367159,,,,,,,,,,,,Gain,,,Gain,,,,,,,,,,,,,,,,Gain,,,,,,,,,Loss,,,,,,,,,,,,,,,,,,,,,
cg12675583,,,,,,,,,,Gain,,,,,,,,,,,,,,,,,,,,,Gain,,,,,,,,,,,,,,,,,,,,,,,,,,,,,,
cg13147090,,,,,,,,,,Gain,,,,,,,,,,,,,,,,,,,,,Gain,,,,,,,,,,,,,,,,,,,,,,,,,,,,,,
cg14687298,,,,,,,,,,,,,,,,,,,,,,,,,,,,,,,Gain,,,,,,,,,,,Loss,,,,,,,,,,,,,,,,,,,
cg15878909,,,,,,,,,Loss,Gain,,,,,,,,,,,,,,,,,,,,,Gain,,,,,,,,,,,Loss,,,,,,,,,,,,,,,,,,,
cg15996769,,,,,,,,,,,,Gain,,,Gain,,,,,,,,,,,,,,,,Gain,,,,,,,,,Loss,,,,,,,,,,,,,,,,,,,,,
cg16267202,,,,,,,,,Loss,Loss,,,,,,,,,,,,,,,,,,,,,Gain,,,,,,,,,,,Loss,,,,,,,,,,,,,,,,,,,
cg16624888,,,,,,,,,,,,Gain,,,Gain,,,,,,,,,,,,,,,,Gain,,,,,,,,,Loss,,,,,,,,,,,,,,,,,,,,,
cg17292337,,,,,,,,,,,,,,,,,,,,,,,,,,,,,,,Gain,,,,,,,,,,,Loss,,,,,,,,,,,,,,,,,,,
cg17295489,,,,,,,,,,,,Gain,,,Gain,,,,,,,,,,,,,Gain,,,Gain,,,,,,,,,,Gain,,,,,,,Gain,,,,,,,,,,,Gain,,
cg17566325,,,,,,,,,,,,,,,Gain,,,,,,,,,,,,,Loss,,,Gain,,,,,,,,,Loss,,,,,,,,,,,,,,,,,,,,,
cg17570948,,,,,,,,,,,,Loss,,,,,Loss,,,,,,,,Loss,,,Loss,,,Loss,,,Loss,,,,,,,,,,,,,,,,,,,,,,,,,,,
cg19893439,,,,,,,,,,,,Gain,,,Gain,,,,,,,,,,,,,Gain,,,Gain,,,,,,,,,,Gain,,,,,,,Gain,,,,,,,,,,,Gain,,
cg20050828,,,,,,,,,,,,,,,Gain,,,,,,,,,,,,,Loss,,,Gain,,,,,,,,,Loss,,,,,,,,,,,,,,,,,,,,,
cg20092036,,,,,,,,,,,,Gain,,,Gain,,,,,,,,,,,,,,,,Gain,,,,,,,,,Loss,,,,,,,,,,,,,,,,,,,,,
cg20402783,,,,,,,,,,,,Gain,,,Gain,,,,,,,,,,,,,Gain,,,Gain,,,,,,,,,,,,,,,,,,,,,,,,,,,,Gain,,
cg21961771,,,,,,,,,,,,Gain,,,Gain,,,,,,,,,,,,,,,,Gain,,,,,,,,,Loss,,,,,,,,,,,,,,,,,,,,,
cg22566355,,,,,,,,,,,,Loss,,,,,Loss,,,,,,,,,,,Loss,,,Loss,,,,,,,,,,,,,,,,,,,,,,,,,,,,,,
cg23390920,,,,,,,,,,,,Gain,,,Gain,,,,,,,,,,,,,,,,Gain,,,,,,,,,Loss,,,,,,,,,,,,,,,,,,,,,
cg23469448,,,,,,,,,,,,Gain,,,Gain,,,,,,,,,,,,,Loss,,,Gain,,,,,,,,,Loss,,,,,,,,,,,,,,,,,,,,,
cg23591611,,,,,,,,,,,,,,,Gain,,,,,,,,,,,,,Loss,,,Gain,,,,,,,,,Loss,,,,,,,,,,,,,,,,,,,,,
cg24460369,,,,,,,,,,,,Gain,,,Gain,,,,,,,,,,,,,,,,Gain,,,,,,,,,Loss,,,,,,,,,,,,,,,,,,,,,
cg25134647,,,,,,,,,,,,,,,,,,,,,,,,,,,,,,,Gain,,,,,,,,,,,Loss,,,,,,,,,,,,,,,,,,,
cg25752163,,,,,,,,,,,,Gain,,,Gain,,,,,,,,,,,,,,,,Gain,,,,,,,,,Loss,,,,,,,,,,,,,,,,,,,,,
cg26750617,,,,,,,,,,,,,,,Gain,,,,,,,,,,,,,Loss,,,Gain,,,,,,,,,Loss,,,,,,,,,,,,,,,,,,,,,
cg00750481,,,,,,,,,Loss,,,Loss,Loss,,Loss,,Loss,Loss,,,Loss,,Loss,,,,,,,,Loss,,,,,,,,,Loss,,,,Gain,,,,Loss,,,,,,,,,Loss,,Loss,,
cg03593908,,,,,,,,,Loss,,,Loss,Loss,,Loss,,Loss,Loss,,,Loss,,,,,,,Loss,,Loss,Loss,,,,,,,,,Loss,,,,,,,,,,,,,,,,Loss,Loss,,Loss,,
cg03898952,,,,,,,Loss,,Loss,,,Loss,Loss,,Loss,Loss,Loss,Loss,,,Loss,,,,Loss,,,,,,Loss,Loss,,,,Loss,,,,Loss,,,,Loss,,,,,,,,,Loss,Loss,,,Loss,Loss,Loss,,
cg06897282,,,,,,,,,,,,,,,,,Loss,Loss,,,Loss,,Loss,,,,,,,,,,,,,,,,,Loss,,,,,,,,,,,,,,,,,Loss,,,,
cg07610777,,,,,,,,,,,,,,,,,Loss,Loss,,,Loss,,Loss,,,,,,,Loss,,,,,,,,,,Loss,,,,,,,,Loss,,,,,,,,,,,,,
cg07937631,,,,,,,,,Loss,,,Loss,Loss,,Loss,,Loss,Loss,,,Loss,,Loss,,,,,,,,Loss,,,,,,,,,Loss,,,,Gain,,,,Loss,,,,,,Loss,,,Loss,,Loss,,
cg07974719,,,,,,,,,Loss,,,Loss,Loss,,Loss,,Loss,Loss,,,Loss,,Loss,,,,,,,,Loss,,,,,,,,,Loss,,,,Gain,,,,Loss,,,,,,,,,Loss,,Loss,,
cg08183074,,,,,,,Loss,,Loss,,,Loss,Loss,,Loss,Loss,Loss,Loss,,Loss,Loss,,Loss,,Loss,,,,,,Loss,,,,,Loss,,,,Loss,,,,Loss,,,,Loss,Loss,,,,Loss,,,,Loss,Loss,Loss,,
cg09084477,,,,,,,,,,,,Loss,,,Loss,,Loss,Loss,,,Loss,,,,,,,,,Loss,,,,,,,,,,Loss,,,,,,,,Loss,,,,,,,,Loss,Loss,,Loss,,
cg09460553,,,,,,,Loss,,Loss,,,Loss,Loss,,Loss,Loss,Loss,Loss,,,Loss,,Loss,,Loss,,,,,,Loss,,,,,Loss,,,,Loss,,,,Loss,,,,Loss,,,,,Loss,Loss,,,Loss,Loss,Loss,,
cg12206359,,,,,,,,,,,,Loss,,,Loss,,Loss,Loss,,,Loss,,Loss,,,,,,,,,,,,,,,,,Loss,,,,,,,,Loss,,,,,,,,Loss,Loss,,Loss,,
cg12436019,,,,,,,Loss,,Loss,,,Loss,Loss,,Loss,Loss,Loss,Loss,,,Loss,,Loss,,,,,,,,Loss,,,,,Loss,,,,Loss,,,,Loss,,,,Loss,,,,,Loss,Loss,,,Loss,Loss,Loss,,
cg13868001,,,,,,,,,Loss,,,Loss,Loss,,Loss,,Loss,Loss,,,Loss,,Loss,,,,,Loss,,,Loss,,,,,,,,,Loss,,,,Gain,,,,Loss,,,,,,,,,Loss,,Loss,,
cg16032841,,,,,,,Loss,,Loss,,,Loss,Loss,,Loss,Loss,Loss,Loss,,,Loss,,Loss,,Loss,,,,,,Loss,,,,,Loss,,,,Loss,,,,Loss,,,,Loss,Loss,,,,Loss,Loss,,,Loss,Loss,Loss,,
cg19759502,,,,,,,,,Loss,,,Loss,Loss,,Loss,,Loss,Loss,,,Loss,,Loss,,,,,,,,Loss,,,,,,,,,Loss,,,,Gain,,,,Loss,,,,,,,,,Loss,,Loss,,
cg20334079,,,,,,,,,,,,,,,,,Loss,Loss,,,Loss,,Loss,,,,,,,Loss,,,,,,,,,,Loss,,,,,,,,Loss,,,,,,,,,Loss,,,,
cg21805940,,,,,,,Loss,,Loss,,,Loss,Loss,,Loss,Loss,Loss,Loss,,,Loss,,Loss,,,,,,,,Loss,,,,,Loss,,,,Loss,,,,Loss,,,,Loss,,,,,Loss,Loss,,,Loss,Loss,Loss,,
cg22721998,,,,,,,Loss,,Loss,,,Loss,Loss,,Loss,Loss,Loss,Loss,,,Loss,,Loss,,Loss,,,,,,Loss,,,,,Loss,,,,Loss,,,,Loss,,,,Loss,,,,,Loss,Loss,,,Loss,Loss,Loss,,
cg22731513,,,,,,,Loss,,Loss,,,Loss,Loss,,Loss,Loss,Loss,Loss,,,Loss,,Loss,,Loss,,,,,,Loss,,,,,Loss,,,,Loss,,,,Loss,,,,Loss,Loss,,,,Loss,Loss,,,Loss,Loss,Loss,,
cg25444002,,,,,,,Loss,,Loss,,,Loss,Loss,,Loss,Loss,Loss,Loss,,,Loss,,Loss,,,,,,,,Loss,,,,,Loss,,,,Loss,,,,Loss,,,,Loss,,,,,Loss,Loss,,,Loss,Loss,Loss,,
cg25658983,,,,,,,,,,,,Loss,Loss,,Loss,,Loss,Loss,,,Loss,,,,,,,,,Loss,,,,,,,,,,Loss,,,,,,,,Loss,,,,,,,,Loss,Loss,,Loss,,
cg01115857,,,,,,,,,,,,,,,,,,,,,,,Loss,Loss,,,,,Loss,,,,,,,,,,,Loss,,,,,,,,,,,,,,,,,,,Loss,,
cg01214012,,,,,,,,,,,,,,,,Loss,,,,,,,Loss,,,,,,,,,,,,,,,,,,,,,,,,,,,,,,,,,,,,Loss,,
cg04329125,,,,,,,,,,,,,,,,,,,,,,,,,,,,,,,,,,,,,,,,Loss,,,,Gain,,,,Gain,,,Gain,,,Gain,,,,,,,
cg04716394,,,,,,,,,,,,,,,,,,,,,,,Loss,Loss,,,,,Loss,,,,,,,,,,,Loss,,,,,,,,,Loss,,,,,,,,,,Loss,,
cg05150608,,,,,,,,,,,,,,,,,,,,,,,Loss,Loss,,,,,,,,,,,,,,,,Loss,,,,Gain,,,,,,,,,,,,,,,,,
cg05225684,,,,,,,,,,,,,,,,,,,,,,,Loss,,,,,,,,,,,,,,,,,Loss,,,,,,,,,,,,,,,,,,,Loss,,
cg06892679,,,,,,,,,,,,,,,,,,,,,,,Loss,Loss,,,,,Loss,,,,,,,,,,,Loss,,,,,,,,,,,,,,,,,,,Loss,,
cg07922154,,,,,,,,,,,,,,,,,,,,,,,Loss,Loss,,,,,Loss,,,,,,,,,,,Loss,,,,,,,,,,,,,,,,,,,Loss,,
cg08072202,,,,,,,,,,,,,,,,,,,,,,,Loss,,,,,,Loss,,,,,,,,,,,Loss,,,,,,,,,,,,,,,,,,,Loss,,
cg09989251,,,,,,,,,,,,,,,,,,,,,,,Loss,,,,,,,,,,,,,,,,,Loss,,,,,,,,,,,,,,,,,,,Loss,,
cg10095084,,,,,,,,,,,,,,,,,,,,,,,Loss,Loss,,,,,,,,,,,,,,,,Loss,,,,Gain,,,,Gain,,,Gain,,,Gain,,,,,,,
cg10775991,,,,,,,,,,,,,,,,Loss,,,,,,,Loss,,,,,,,,,,,,,,,,,,,,,,,,,,,,,,,,,,,,Loss,,
cg11071193,,,,,,,,,,,,,,,,Loss,,,,,,,Loss,,,,,,,,,,,,,,,,,,,,,,,,,,,,,,,,,,,,Loss,,
cg13097993,,,,,,,,,,,,,,,,Loss,,,,,,,Loss,,,,,,,,,,,,,,,,,Loss,,,,,,,,,,,,,,,,,,,Loss,,
cg13099429,,,,,,,,,,,,,,,,,,,,,,,Loss,Loss,,,,,Loss,,,,,,,,,,,Loss,,,,,,,,,,,,,,,,,,,Loss,,
cg14184890,,,,,,,,,,,,,,,,Loss,,,,,,,Loss,,,,,,,,,,,,,,,,,,,,,,,,,,,,,,,,,,,,Loss,,
cg18220816,,,,,,,,,,,,,,,,,,,,,,,Loss,Loss,,,,,,,,,,,,,,,,Loss,,,,Gain,,,,,,,,,,,,,,,,,
cg18313317,,,,,,,,,,,,,,,,,,,,,,,Loss,,,,,,Loss,,,,,,,,,,,Loss,,,,,,,,,,,,,,,,,,,Loss,,
cg18333511,,,,,,,,,,,,,,,,,,,,,,,Loss,Loss,,,,,Loss,,,,,,,,,,,Loss,,,,,,,,,,,,,,,,,,,Loss,,
cg18624544,,,,,,,,,,,,,,,,Loss,,,,,,,Loss,,,,,,,,,,,,,,,,,,,,,,,,,,,,,,,,,,,,Loss,,
cg18771300,,,,,,,,,,,,,,,,Loss,,,,,,,Loss,,,,,,,,,,,,,,,,,Loss,,,,,,,,,,,,,,,,,,,Loss,,
cg22454744,,,,,,,,,,,,,,,,,,,,,,,Loss,Loss,,,,,,,,,,,,,,,,Loss,,,,Gain,,,,Gain,,,Gain,,,Gain,,,,,,,
cg23099211,,,,,,,,,,,,,,,,Loss,,,,,,,Loss,,,,,,,,,,,,,,,,,,,,,,,,,,,,,,,,,,,,Loss,,
cg23511824,,,,,,,,,,,,,,,,,,,,,,,Loss,,,,,,,,,,,,,,,,,Loss,,,,,,,,,,,,,,,,,,,Loss,,
cg24036523,,,,,,,,,,,,,,,,,,,,,,,Loss,Loss,,,,,Loss,,,,,,,,,,,Loss,,,,,,,,,Loss,,,,,,,,,,Loss,,
cg26421140,,,,,,,,,,,,,,,,,,,,,,,Loss,Loss,,,,,,,,,,,,,,,,Loss,,,,,,,,,,,,,,,,,,,Loss,,
cg00098799,Loss,,,,,,,,,,,Loss,,,,,,,,,,,,,,,,Gain,,,,,,,,,,,,Loss,,,,,,,,,,,Gain,,,,,,,,Gain,,
cg00474218,,,,,,,,,,,,Gain,,,,,,,,,,,,,,,,Gain,,,,,,,,,,,,Loss,,,,,,,,,,,Gain,,,,,,,,Gain,,
cg02054724,Loss,,,,,,,,,,,Loss,,,,,,,,,,,,,,,,Gain,,,,,,,,,,,,Loss,,,,,,,,,,,Gain,,,,,,,,Gain,,
cg03380198,Loss,,,,,,,,,,,Loss,,,,,,,,,,,,,,,,Gain,,,,,,,,,,,,Loss,,,,,,,,,,,Gain,,,,,,,,Gain,,
cg03822622,,,,,,,,,,,,Loss,,,,,,,,,,,,,,,,,,,,,,,,,,,,Loss,,,,,,,,,,,,,,,,,,,,,
cg03945400,,,,,,,,,,,,Loss,,,,,,,,,,,,,,,,,,,,,,,,,,,,Loss,,,,,,,,,,Loss,,,,,,,Loss,,,,
cg06891458,Loss,,,,,,,,,,,Loss,,,,,,,,,,,,,,,,,,,,,,,,,,,,Loss,,,,,,,,,,Loss,,,,,,,Loss,,,,
cg07615383,Loss,,,,,,,,,,,Loss,,,,,,,,,,,,,,,,Gain,,,,,,,,,,,,Loss,,,,,,,,,,,Gain,,,,,,,,Gain,,
cg07695058,Loss,,,,,,,,,,,Loss,,,,,,,,,,,,,,,,Gain,,,,,,,,,,,,Loss,,,,,,,,,,,Gain,,,,,,,,Gain,,
cg08133919,,,,,,,,,,,,Gain,,,,,,,,,,,,,,,,Gain,,,,,,,,,,,,Loss,,,,,,,,,,,Gain,,,,,,,,Gain,,
cg08637403,,,,,,,,,,,,Gain,,,,,,,,,,,,,,,,Gain,,,,,,,,,,,,Loss,,,,,,,,,,,Gain,,,,,,,,Gain,,
cg10135717,Loss,,,,,,,,,,,Loss,,,,,,,,,,,,,,,,Gain,,,,,,,,,,,,Loss,,,,,,,,,,,Gain,,,,,,,,Gain,,
cg12036633,,,,,,,,,,,,Gain,,,,,,,,,,,,,,,,Gain,,,,,,,,,,,,Loss,,,,,,,,,,,Gain,,,,,,,,Gain,,
cg12163955,Loss,,,,,,,,,,,Loss,,,,,,,,,,,,,,,,,,,,,,,,,,,,Loss,,,,,,,,,,Loss,,,,,,,Loss,,,,
cg12756504,,,,,,,,,,,,Loss,,,,,,,,,,,,,,,,,,,,,,,,,,,,Loss,,,,,,,,,,Gain,,,,,,,Loss,,,,
cg13812291,Loss,,,,,,,,,,,Loss,,,,,,,,,,,,,,,,Gain,,,,,,,,,,,,Loss,,,,,,,,,,,Gain,,,,,,,,Gain,,
cg16146501,,,,,,,,,,,,Gain,,,,,,,,,,,,,,,,Gain,,,,,,,,,,,,Loss,,,,,,,,,,,Gain,,,,,,,,Gain,,
cg16548362,Loss,,,,,,,,,,,Loss,,,,,,,,,,,,,,,,Gain,,,,,,,,,,,,Loss,,Gain,,,,,,,,,Gain,,,,,,,,Gain,,
cg17074431,Loss,,,,,,,,,,,Loss,,,,,,,,,,,,,,,,Gain,,,,,,,,,,,,Loss,,,,,,,,,,,Gain,,,,,,,,Gain,,
cg17082938,Loss,,,,,,,,,,,Loss,,,,,,,,,,,,,,,,,,,,,,,,,,,,Loss,,,,,,,,,,Loss,,,,,,,Loss,,Gain,,
cg17221584,Loss,,,,,,,,,,,Gain,,,,,,,,,,,,,,,,Gain,,,,,,,,,,,,Loss,,,,,,,,,,Loss,Gain,,,,,,,,Gain,,
cg18105749,,,,,,,,,,,,Gain,,,,,,,,,,,,,,,,Gain,,,,,,,,,,,,Loss,,,,,,,,,,,Gain,,,,,,,,Gain,,
cg19708986,,,,,,,,,,,,Gain,,,,,,,,,,,,,,,,Gain,,,,,,,,,,,,Loss,,,,,,,,,,,Gain,,,,,,,,Gain,,
cg20246113,,,,,,,,,,,,Gain,,,,,,,,,,,,,,,,Gain,,,,,,,,,,,,Loss,,,,,,,,,,,Gain,,,,,,,,Gain,,
cg20481312,Loss,,,,,,,,,,,Gain,,,,,,,,,,,,,,,,Gain,,,,,,,,,,,,Loss,,,,,,,,,,,Gain,,,,,,,,Gain,,
cg23634401,Loss,,,,,,,,,,,Gain,,,,,,,,,,,,,,,,Gain,,,,,,,,,,,,Loss,,,,,,,,,,,Gain,,,,,,,,Gain,,
cg24382249,,,,,,,,,,,,Gain,,,,,,,,,,,,,,,,Gain,,,,,,,,,,,,Loss,,,,,,,,,,,Gain,,,,,,,,Gain,,
cg24667603,Loss,,,,,,,,,,,Loss,,,,,,,,,,,,,,,,Gain,,,,,,,,,,,,Loss,,,,,,,,,,,Gain,,,,,,,,Gain,,
cg24795825,,,,,,,,,,,,Gain,,,,,,,,,,,,,,,,Gain,,,,,,,,,,,,Loss,,,,,,,,,,,Gain,,,,,,,,Gain,,
cg25440893,,,,,,,,,,,,Loss,,,,,,,,,,,,,,,,,,,,,,,,,,,,Loss,,,,,,,,,,,,,,,,,Loss,,,,
cg25481157,,,,,,,,,,,,Gain,,,,,,,,,,,,,,,,Gain,,,,,,,,,,,,Loss,,,,,,,,,,,Gain,,,,,,,,Gain,,
cg25924688,,,,,,,,,,,,Gain,,,,,,,,,,,,,,,,Gain,,,,,,,,,,,,Loss,,,,,,,,,,,Gain,,,,,,,,Gain,,
cg25985504,Loss,,,,,,,,,,,Loss,,,,,,,,,,,,,,,,Gain,,,,,,,,,,,,Loss,,,,,,,,,,,Gain,,,,,,,,Gain,,
cg26218577,,,,,,,,,,,,Gain,,,,,,,,,,,,,,,,Gain,,,,,,,,,,,,Loss,,,,,,,,,,,Gain,,,,,,,,Gain,,
cg26710563,,,,,,,,,,,,Gain,,,,,,,,,,,,,,,,Gain,,,,,,,,,,,,Loss,,,,,,,,,,,Gain,,,,,,,,Gain,,
cg00511475,,,,,,,,,,,,Loss,,,,,,,,,,,,,,,,,,,Loss,,,,,,,,,Loss,,,,,,,,,,,Loss,,,,,Loss,,,,,
cg00591660,,,,,,,,,,,,,,,,,,,,,,,,,,,,,,,,,,,,,,,,Loss,,,,,,,,,,,,,,,,,,,,,
cg00618711,,,,,,,,,,,,Loss,,,,,,,,,,,,,,,,,,,Loss,,,,,,,,,Loss,,,,,,,,,,,,,,,,,,,,,
cg00639984,,,,,,,,,,,,,,,,,,,,,,,,,,,,,,,,,,,,,,,,Loss,,,,,,,,,,,,,,,,,,,,,
cg00671386,,,,,,,,,,,,,,,,,,,,,,,,,,,,,,,,,,,,,,,,Loss,,,,,,,,,,,,,,,,,,,,,
cg01680674,,,,,,,,,,,,,,,,,,,,,,,,,,,,,,,,,,,,,,,,Loss,,,,,,,,,,,,,,,,,,,,,
cg02451853,,,,,,,,,,,,,,,,,,,,,,,,,,,,,,,Loss,,,,,,,,,Loss,,,,,,,,,,,,,,,,,,,,,
cg02574464,,,,,,,,,,,,,,,,,,,,,,,,,,,,,,,Loss,,,,,,,,,Loss,,,,,,,,,,,,,,,,,,,,,
cg02859934,,,,,,,,,,,,,,,,,,,,,,,,,,,,,,,,,,,,,,,,Loss,,,,,,,,,,,,,,,,,,,,,
cg02873098,,,,,,,,,,,,,,,,,,,,,,,,,,,,,,,,,,,,,,,,Loss,,,,,,,,,,,,,,,,,,,,,
cg03072681,,,,,,,,,,,,Loss,,,,,,,,,,,,,,,,,,,Loss,,,,,,,,,Loss,,,,,,,,,,,,,,,,Loss,,,,,
cg03264209,,,,,,,,,,,,,,,,,,,,,,,,,,,,,,,,,,,,,,,,Loss,,,,,,,,,,,,,,,,,,,,,
cg04245248,,,,,,,,,,,,Loss,,,,,,,,,,,,,,,,,,,Loss,,,,,,,,,Loss,,,,,,,,,,,,,,,,,,,,,
cg04810063,,,,,,,,,,,,Loss,,,,,,,,,,,,,,,,,,,Loss,,,,,,,,,Loss,,,,,,,,,,,,,,,,Loss,,,,,
cg05725404,,,,,,,,,,,,,,,,,,,,,,,,,,,,,,,Loss,,,,,,,,,Loss,,,,,,,,,,,,,,,,,,,,,
cg05787209,,,,,,,,,,,,,,,,,,,,,,,,,,,,,,,,,,,,,,,,Loss,,,,,,,,,,,,,,,,,,,,,
cg06138239,,,,,,,,,,,,,,,,,,,,,,,,,,,,,,,,,,,,,,,,Loss,,,,,,,,,,,,,,,,,,,,,
cg06334495,,,,,,,,,,,,,,,,,,,,,,,,,,,,,,,,,,,,,,,,Loss,,,,,,,,,,,,,,,,,,,,,
cg06471402,,,,,,,,,,,,Loss,,,,,,,,,,,,,,,,,,,Loss,,,,,,,,,Loss,,,,,,,,,,,Loss,,,,,Loss,,,,,
cg06521653,,,,,,,,,,,,Loss,,,,,,,,,,,,,,,,,,,Loss,,,,,,,,,Loss,,,,,,,,,,,,,,,,,,,,,
cg06655190,,,,,,,,,,,,Loss,,,,,,,,,,,,,,,,,,,Loss,,,,,,,,,Loss,,Loss,,,,,,,,,,,,,,,,,,,
cg07307142,,,,,,,,,,,,Loss,,,,,,,,,,,,,,,,,,,Loss,,,,,,,,,Loss,,,,,,,,,,,,,,,,,,,,,
cg08230268,,,,,,,,,,,,,,,,,,,,,,,,,,,,,,,,,,,,,,,,Loss,,,,,,,,,,,,,,,,,,,,,
cg08521396,,,,,,,,,,,,,,,,,,,,,,,,,,,,,,,,,,,,,,,,Loss,,,,,,,,,,,,,,,,,,,,,
cg08638180,,,,,,,,,,,,,,,,,,,,,,,,,,,,,,,Loss,,,,,,,,,Loss,,,,,,,,,,,,,,,,,,,,,
cg09242293,,,,,,,,,,,,,,,,,,,,,,,,,,,,,,,,,,,,,,,,Loss,,,,,,,,,,,,,,,,,,,,,
cg09758204,,,,,,,,,,,,,,,,,,,,,,,,,,,,,,,Loss,,,,,,,,,Loss,,,,,,,,,,,,,,,,,,,,,
cg09798061,,,,,,,,,,,,,,,,,,,,,,,,,,,,,,,,,,,,,,,,Loss,,,,,,,,,,,,,,,,,,,,,
cg10433128,,,,,,,,,,,,Loss,,,,,,,,,,,,,,,,,,,Loss,,,,,,,,,Loss,,,,,,,,,,,,,,,,,,,,,
cg16014085,,,,,,,,,,,,,,,,,,,,,,,,,,,,,,,,,,,,,,,,Loss,,,,,,,,,,,,,,,,,,,,,
cg16367168,,,,,,,,,,,,,,,,,,,,,,,,,,,,,,,,,,,,,,,,Loss,,,,,,,,,,,,,,,,,,,,,
cg17484472,,,,,,,,,,,,,,,,,,,,,,,,,,,,,,,Loss,,,,,,,,,Loss,,,,,,,,,,,,,,,,Loss,,,,,
cg20035459,,,,,,,,,,,,,,,,,,,,,,,,,,,,,,,,,,,,,,,,Loss,,,,,,,,,,,,,,,,,,,,,
cg24642468,,,,,,,,,,,,,,,,,,,,,,,,,,,,,,,Loss,,,,,,,,,Loss,,,,,,,,,,,,,,,,Loss,,,,,
cg26538942,,,,,,,,,,,,,,,,,,,,,,,,,,,,,,,,,,,,,,,,Loss,,,,,,,,,,,,,,,,,,,,,
cg26580413,,,,,,,,,,,,,,,,,,,,,,,,,,,,,,,Loss,,,,,,,,,Loss,,,,,,,,,,,,,,,,Loss,,,,,
cg27014354,,,,,,,,,,,,,,,,,,,,,,,,,,,,,,,Loss,,,,,,,,,Loss,,,,,,,,,,,,,,,,,,,,,
cg27268835,,,,,,,,,,,,,,,,,,,,,,,,,,,,,,,Loss,,,,,,,,,Loss,,,,,,,,,,,,,,,,Loss,,,,,
cg00423030,,,,,,,,,,Gain,,,,,,Gain,,,,,,Gain,,,,,,,,,,,,,,,,,,Loss,,,,,,,,,,,,,,,Gain,,,,,,
cg00668150,,Loss,Loss,,,Loss,,,,,Loss,,,,,Loss,,,,,,Loss,Loss,,,,,Loss,,Loss,,Loss,,Loss,,,,,,Loss,,Loss,,,,,,,,Loss,,,,Loss,Loss,,,,Gain,,
cg01405107,,,,,,,,,,Gain,,,,,,Gain,,,,,,Gain,,,,,,,,,,,,,,,,,,Loss,,,,,,,,,,,,,,,Gain,,,,,,
cg01908551,,,,,,,,,,Gain,,,,,,Gain,,,,,,,,,,,,,,,,,,,,,,,,,,,,,,,,,,,,,,,,,,,,,
cg01992590,,,,,,,,,,Gain,,,,,,Gain,,,,,,Gain,,,,,,,,,,,,,,,,,,Loss,,,,,,,,,,,,,,,Gain,,,,,,
cg02219949,,,,,,,,,,Gain,,,,,,Gain,,,,,,Gain,,,,,,,,,,,,,,,,,,Loss,,,,,,,,,,,,,,,Gain,,,,,,
cg02237906,,,,,,,,,,Gain,,,,,,Gain,,,,,,Gain,,,,,,,,,,,,,,,,,,Loss,,,,,,,,,,,,,,,Gain,,,,,,
cg02481789,,,,,,,,,,,,,,,,Gain,,,,,,Gain,,,,,,,,,,,,,,,,,,Loss,,,,,,,,,,,,,,,Gain,,,,,,
cg02633371,,,,,,,,,,,,,,,,Gain,,,,,,Gain,,,,,,,,,,,,,,,,,,Loss,,,,,,,,,,,,,,,Gain,,,,,,
cg02866639,,Loss,Loss,,,Loss,,,,,Loss,,,,,Loss,,,,,,Loss,Loss,,,,,Loss,,Loss,,Loss,,Loss,,,,,,Loss,,Loss,,,,,,,,Loss,,,,Loss,Loss,,,,,,
cg03889540,,,,,,,,,,Gain,,,,,,Gain,,,,,,,,,,,,,,,,,,,,,,,,,,,,,,,,,,,,,,,,,,,,,
cg04498014,,,,,,,,,,Gain,,,,,,Gain,,,,,,Gain,,,,,,,,,,,,,,,,,,Loss,,,,,,,,,,,,,,,Gain,,,,,,
cg05451094,,,,,,,,,,,,,,,,Gain,,,,,,Gain,,,,,,,,,,,,,,,,,,Loss,,,,,,,,,,,,,,,Gain,,,,,,
cg05865011,,,,,,,,,,Gain,,,,,,Gain,,,,,,Gain,,,,,,,,,,,,,,,,,,Loss,,,,,,,,,,,,,,,Gain,,,,,,
cg06418907,,Loss,Loss,,Loss,Loss,,,,,Loss,,,,,Loss,,,,,,Loss,Loss,,,,,Loss,,,,Loss,,Loss,,,,,,Loss,,Loss,,,,,,,,Loss,,,,Loss,Loss,,,,,,
cg06602723,,,,,,,,,,Gain,,,,,,Gain,,,,,,Gain,,,,,,,,,,,,,,,,,,Loss,,,,,,,,,,,,,,,Gain,,,,,,
cg06697425,,,,,,,,,,Gain,,,,,,Gain,,,,,,Gain,,,,,,,,,,,,,,,,,,Loss,,,,,,,,,,,,,,,Gain,,,,,,
cg07010633,,,,,,,,,,Gain,,,,,,Gain,,,,,,Gain,,,,,,,,,,,,,,,,,,Loss,,,,,,,,,,,,,,,Gain,,,,,,
cg07016075,,,,,,,,,,Gain,,,,,,Gain,,,,,,,,,,,,,,,,,,,,,,,,,,,,,,,,,,,,,,,,,,,,,
cg07391831,,Loss,Loss,,,Loss,,,,,Loss,,,,,Loss,,,,,,Loss,Loss,,,,,Loss,,,,Loss,,Loss,,,,,,Loss,,Loss,,,,,,,,Loss,,,,Loss,Loss,,,,,,
cg08084655,,,,,,,,,,Gain,,,,,,Gain,,,,,,Gain,,,,,,,,,,,,,,,,,,Loss,,Loss,,,,,,,,,,,,,Gain,,,,,,
cg08103988,,Loss,Loss,,,Loss,,,,,Loss,,,,,Loss,,,,,,Loss,Loss,,,,,Loss,,,,Loss,,Loss,,,,,,Loss,,Loss,,,,,,,,Loss,,,,Loss,Loss,,,,,,
cg08471713,,,,,,,,,,,,,,,,Gain,,,,,,Gain,,,,,,,,,,,,,,,,,,Loss,,,,,,,,,,,,,,,Gain,,,,,,
cg08750459,,Loss,Loss,,,Loss,,,,,Loss,,,,,Loss,,,,,,Loss,Loss,,,,,Loss,,,,Loss,,Loss,,,,,,Loss,,Loss,,,,,,,,Loss,,,,Loss,Loss,,,,,,
cg09601923,,,,,,,,,,Gain,,,,,,Gain,,,,,,Gain,,,,,,,,,,,,,,,,,,Loss,,Loss,,,,,,,,,,,,,Gain,,,,,,
cg09760387,,,,,,,,,,,,,,,,Gain,,,,,,Gain,,,,,,,,,,,,,,,,,,Loss,,,,,,,,,,,,,,,Gain,,,,,,
cg09889948,,,,,,,,,,Gain,,,,,,Gain,,,,,,Gain,,,,,,,,,,,,,,,,,,Loss,,,,,,,,,,,,,,,Gain,,,,,,
cg09983216,,,,,,,,,,Gain,,,,,,Gain,,,,,,Gain,,,,,,,,,,,,,,,,,,Loss,,,,,,,,,,,,,,,Gain,,,,,,
cg10092265,,Loss,Loss,,Loss,Loss,,,,,Loss,,,,,Loss,,,,,,Loss,Loss,,,,,Loss,,,,Loss,,Loss,,,,,,Loss,,Loss,,,,,,,,Loss,,,,Loss,Loss,,,,,,
cg10237252,,,,,,,,,,Gain,,,,,,Gain,,,,,,Gain,,,,,,,,,,,,,,,,,,Loss,,,,,,,,,,,,,,,Gain,,,,,,
cg10553748,,Loss,Loss,,,Loss,,,,,Loss,,,,,Loss,,,,,,Loss,Loss,,,,,Loss,,,,Loss,,Loss,,,,,,Loss,,Loss,,,,,,,,Loss,,,,Loss,Loss,,,,Gain,,
cg10747531,,,,,,,,,,,,,,,,Gain,,,,,,Gain,,,,,,,,,,,,,,,,,,Loss,,,,,,,,,,,,,,,Gain,,,,,,
cg10759591,,,,,,,,,,Gain,,,,,,Gain,,,,,,Gain,,,,,,,,,,,,,,,,,,Loss,,,,,,,,,,,,,,,Gain,,,,,,
cg11043990,,,,,,,,,,Gain,,,,,,Gain,,,,,Loss,Gain,,,,,,,,,,,,,,,,,,Loss,,,,,,,,,,,,,,,Gain,,,,,,
cg11520030,,,,,,,,,,Gain,,,,,,Gain,,,,,,,,,,,,,,,,,,,,,,,,,,,,,,,,,,,,,,,,,,,,,
cg11684897,,Loss,Loss,,,Loss,,,,,Loss,,,,,Loss,,,,,,Loss,Loss,,,,,Loss,,,,Loss,,Loss,,,,,,Loss,,Loss,,,,,,,,Loss,,,,Loss,Loss,,,,Gain,,
cg11732492,,,,,,,,,,Gain,,,,,,Gain,,,,,,Gain,,,,,,,,,,,,,,,,,,Loss,,,,,,,,,,,,,,,Gain,,,,,,
cg12156887,,Loss,Loss,,,Loss,,,,,,,,,,Loss,,,,,,Loss,,,,,,Loss,,,,Loss,,,,,,,,Loss,,Loss,,,,,,,,Loss,,,,Gain,Loss,,,,,,
cg12165772,,,,,,,,,,Gain,,,,,,Gain,,,,,,Gain,,,,,,,,,,,,,,,,,,Loss,,,,,,,,,,,,,,,Gain,,,,,,
cg12407791,,,,,,,,,,Gain,,,,,,Gain,,,,,,Gain,,,,,,,,,,,,,,,,,,Loss,,,,,,,,,,,,,,,Gain,,,,,,
cg12443604,,,,,,,,,,Gain,,,,,,Gain,,,,,,Gain,,,,,,,,,,,,,,,,,,Loss,,Loss,,,,,,,,,,,,,Gain,,,,,,
cg12700283,,,,,,,,,,Gain,,,,,,Gain,,,,,,Gain,,,,,,,,,,,,,,,,,,Loss,,,,,,,,,,,,,,,Gain,,,,,,
cg12770741,,Loss,Loss,,,Loss,,,,,Loss,,,,,Loss,,,,,,Loss,Loss,,,,,Loss,,Loss,,Loss,,Loss,,,,,,Loss,,Loss,,,,,,,,Loss,,,,Loss,Loss,,,,,,
cg13655803,,,,,,,,,,Gain,,,,,,Gain,,,,,,Gain,,,,,,,,,,,,,,,,,,Loss,,,,,,,,,,,,,,,Gain,,,,,,
cg13694343,,,,,,,,,,Gain,,,,,,Gain,,,,,,Gain,,,,,,,,,,,,,,,,,,Loss,,,,,,,,,,,,,,,Gain,,,,,,
cg13768055,,Loss,Loss,,,Loss,,,,,Loss,,,,,Loss,,,,,,Loss,Loss,,,,,Loss,,Loss,,Loss,,Loss,,,,,,Loss,,Loss,,,,,,,,Loss,,,,Loss,Loss,,,,,,
cg13947929,,,,,,,,,,Gain,,,,,,Gain,,,,,,Gain,,,,,,,,,,,,,,,,,,Loss,,,,,,,,,,,,,,,Gain,,,,,,
cg14192542,,,,,,,,,,Gain,,,,,,Gain,,,,,,Gain,,,,,,,,,,,,,,,,,,Loss,,,,,,,,,,,,,,,Gain,,,,,,
cg14952312,,,,,,,,,,Gain,,,,,,Gain,,,,,,Gain,,,,,,,,,,,,,,,,,,Loss,,Loss,,,,,,,,,,,,,Gain,,,,,,
cg15041662,,Loss,Loss,,,Loss,,,,,,,,,,Loss,,,,,,Loss,Loss,,,,,Loss,,,,Loss,,Loss,,,,,,Loss,,Loss,,,,,,,,Loss,,,,Loss,Loss,,,,,,
cg15660077,,Loss,Loss,,Loss,Loss,,,,,Loss,,,,,Loss,,,,,,Loss,Loss,,,,,Loss,,,,Loss,,Loss,,,,,,Loss,,Loss,,,,,,,,Loss,,,,Loss,Loss,,,,,,
cg16696476,,Loss,Loss,,Loss,Loss,,,,,Loss,,,,,Loss,,,,,,Loss,Loss,,,,,Loss,,,,Loss,,Loss,,,,,,Loss,,Loss,,,,,,,,Loss,,,,Loss,Loss,,,,,,
cg16893174,,Loss,Loss,,,Loss,,,,,Loss,,,,,Loss,,,,,,Loss,Loss,,,,,Loss,,,,Loss,,Loss,,,,,,Loss,,Loss,,,,,,,,Loss,,,,Loss,Loss,,,,,,
cg17033854,,,,,,,,,,,,,,,,Gain,,,,,,Gain,,,,,,,,,,,,,,,,,,Loss,,,,,,,,,,,,,,,Gain,,,,,,
cg17563271,,,,,,,,,,Gain,,,,,,Gain,,,,,,Gain,,,,,,,,,,,,,,,,,,Loss,,,,,,,,,,,,,,,Gain,,,,,,
cg17757575,,,,,,,,,,,,,,,,Gain,,,,,,Gain,,,,,,,,,,,,,,,,,,Loss,,,,,,,,,,,,,,,Gain,,,,,,
cg18048405,,,,,,,,,,,,,,,,Gain,,,,,,Gain,,,,,,,,,,,,,,,,,,Loss,,,,,,,,,,,,,,,Gain,,,,,,
cg18091275,,,,,,,,,,,,,,,,Gain,,,,,,Gain,,,,,,,,,,,,,,,,,,Loss,,,,,,,,,,,,,,,Gain,,,,,,
cg19789473,,,,,,,,,,,,,,,,Gain,,,,,,Gain,,,,,,,,,,,,,,,,,,Loss,,,,,,,,,,,,,,,Gain,,,,,,
cg19865134,,,,,,,,,,,,,,,,Gain,,,,,,Gain,,,,,,,,,,,,,,,,,,Loss,,,,,,,,,,,,,,,Gain,,,,,,
cg20067780,,,,,,,,,,Gain,,,,,,Gain,,,,,,Gain,,,,,,,,,,,,,,,,,,Loss,,,,,,,,,,,,,,,Gain,,,,,,
cg20291162,,,,,,,,,,,,,,,,Gain,,,,,,Gain,,,,,,,,,,,,,,,,,Loss,Loss,,,,,,,,,,,,,,,Gain,,,,,,
cg20932150,,,,,,,,,,Gain,,,,,,Gain,,,,,,Gain,,,,,,,,,,,,,,,,,,Loss,,,,,,,,,,,,,,,Gain,,,,,,
cg21197958,,,,,,,,,,,,,,,,Gain,,,,,,Gain,,,,,,,,,,,,,,,,,,Loss,,,,,,,,,,,,,,,Gain,,,,,,
cg21358336,,Loss,Loss,,,Loss,,,,,Loss,,,,,Loss,,,,,,Loss,Loss,,,,,Loss,,,,Loss,,Loss,,,,,,Loss,,Loss,,,,,,,,Loss,,,,Loss,Loss,,,,,,
cg22635541,,Loss,Loss,,,Loss,,,,,Loss,,,,,Loss,,,,,,Loss,Loss,,,,,Loss,,Loss,,Loss,,Loss,,,,,,Loss,,Loss,,,,,,,,Loss,,,,Loss,Loss,,,,,,
cg23246911,,Loss,Loss,,,Loss,,,,,Loss,,,,,Loss,,,,,,Loss,Loss,,,,,Loss,,Loss,,Loss,,Loss,,,,,,Loss,,Loss,,,,,,,,Loss,,,,Loss,Loss,,,,,,
cg24156181,,Loss,Loss,,,Loss,,,,,,,,,,Loss,,,,,,Loss,Loss,,,,,Loss,,,,Loss,,Loss,,,,,,Loss,,Loss,,,,,,,,Loss,,,,Loss,Loss,,,,,,
cg24207009,,,,,,,,,,Gain,,,,,,Gain,,,,,,Gain,,,,,,,,,,,,,,,,,,Loss,,,,,,,,,,,,,,,Gain,,,,,,
cg24768135,,Loss,Loss,,,Loss,,,,,Loss,,,,,Loss,,,,,,Loss,Loss,,,,,Loss,,,,Loss,,Loss,,,,,,Loss,,Loss,,,,,,,,Loss,,,,Loss,Loss,,,,Gain,,
cg25067162,,,,,,,,,,,,,,,,Gain,,,,,,Gain,,,,,,,,,,,,,,,,,,Loss,,,,,,,,,,,,,,,Gain,,,,,,
cg26782881,,,,,,,,,,,,,,,,Gain,,,,,,Gain,,,,,,,,,,,,,,,,,,Loss,,,,,,,,,,,,,,,Gain,,,,,,
cg00057722,Gain,,,,,,,,,,,,,,,,,,,,,,,,,,,,,,,,,,,,,,Gain,,,,,,,,,,,,,Gain,,,,Gain,,,,,
cg02978168,Gain,,,,,,,,,,,,,,,,,,,,,,,,,,,,,,,,,,,,,,Gain,,,,,,,,,,,,,Gain,,,,High Copy Gain,,,,,
cg05458220,Gain,,,,,,,,,,,,,,,,,,,,,,,,,,,,,,,,,,,,,,Gain,,,,,,,,,,,,,Gain,,,,High Copy Gain,,,,,
cg05872758,Gain,,,,,,,,,,,,,,,,,,,,,,,,,,,,,,,,,,,,,,Gain,,,,,,,,,,,,,Gain,,,,Gain,,,,,
cg06511678,Gain,,,,,,,,,,,,,,,,,,,,,,,,,,,,,,,,,,,,,,,,,,,,,,,,,,,Gain,,,,Gain,,,,,
cg10092257,Gain,,,,,,,,,,,,,,,Loss,,,,,,,,,,,,,,,,,,,,,,,,,,,,,,,,,,,,Gain,,,,Gain,,,,,
cg13287964,Gain,,,,,,,,,,,,,,,,,,,,,,,,,,,,,,,,,,,,,,Gain,,,,,,,,,,,,,Gain,,,,High Copy Gain,,,,,
cg18086635,Gain,,,,,,,,,,,,,,,,,,,,,,,,,,,,,,,,,,,,,,Gain,,,,,,,,,,,,,Gain,,,,Gain,,,,,
cg19453250,Gain,,,,,,,,,,,,,,,Loss,,,,,,,,,,,,,,,,,,,,,,,Gain,,,,,,,,,,,,,Gain,,,,Gain,,,,,
cg21237861,Gain,,,,,,,,,,,,,,,,,,,,,,,,,,,,,,,,,,,,,,Gain,,,,,,,,,,,,,Gain,,,,High Copy Gain,,,,,
cg21266975,Gain,,,,,,,,,,,,,,,,,,,,,,,,,,,,,,,,,,,,,,,,,,,,,,,,,,,Gain,,,,Gain,,,,,
cg24864576,Gain,,,,,,,,,,,,,,,,,,,,,,,,,,,,,,,,,,,,,,Gain,,,,,,,,,,,,,Gain,,,,High Copy Gain,,,,,
cg00003818,,,,,,,,,,,,,,,,,,,,,,,,,,,,,,,,,,Gain,,,,,,,,,,,,,,,,Gain,,,,,,,,,,,
cg00706441,,,,,,,,,,,,,,,,,,,,,,,,,,,,,,,,,,,,,,,,,,,,,,,,,,Gain,,,,,,Loss,,,,,
cg01272599,,,,,,,,,,,,,,,,,,,,,,,,,,,,,,,,,,Gain,,,,,,,,,,,,,,,,Gain,,,,,,,,,,,
cg01632288,,,,,,,,,,,,,,,,,,,,,,,,,,,,,,,,,,,,,,,,,,,,,,,,,,Gain,,,,,,Loss,,,,,
cg02592403,,,,,,,Gain,,,,,,,,,,,,,,,,,,,,,,,,,,,,,,,,,,,,,,,,,,,Gain,,,,,,Gain,,,,,
cg03153360,,,,,,,Gain,,,,,,,,,,,,,,,,,,,,,,,,,,,,,,,,,,,,,,,,,,,Gain,,,,,,Gain,,,,,
cg03489492,,,,,,,,,,,,,,,,,,,,,,,,,,,,,,,,,,Gain,,,,,,,,,,,,,,,,Gain,,,,,,,,,,,
cg03630273,,,,,,,Gain,,,,,,,,,,,,,,,,,,,,,,,,,,,,,,,,,,,,,,,,,,,Gain,,,,,,Gain,,,,,
cg03657045,,,,,,,,,,,,,,,,,,,,,,,,,,,,,,,,,,,,,,,,,,,,,,,,,,Gain,,,,,,,,,,,
cg04351156,,,,,,,,,,,,,,,,,,,,,,,,,,,,,,,,,,,,,,,,,,,,,,,,,,Gain,,,,,,,,,,,
cg04358463,,,,,,,Gain,,,,,,,,,,,,,,,,,,,,,,,,,,,,,,,,,,,,,,,,,,,Gain,,,,,,Gain,,,,,
cg04382643,,,,,,,Gain,,,,,,,,,,,,,,,,,,,,,,,,,,,,,,,,,,,,,,,,,,,Gain,,,,,,Gain,,,,,
cg05308639,,,,,,,,,,,,,,,,,,,,,,,,,,,,,,,,,,Loss,,,,,,,,,,,,,,,,,,,,,,,,,,,
cg05516285,,,,,,,,,,,,,,,,,,,,,,,,,,,,,,,,,,,,,,,,,,,,,,,,,,Gain,,,,,,,,,,,
cg05696092,,,,,,,Gain,,,,,,,,,,,,,,,,,,,,,,,,,,,,,,,,,,,,,,,,,,,Gain,,,,,,Gain,,,,,
cg06189175,,,,,,,,,,,,,,,,,,,,,,,,,,,,,,,,,,,,,,,,,,,,,,,,,,Gain,,,,,,,,,,,
cg06878361,,,,,,,Gain,,,,,,,,,,,,,,,,,,,,,,,,,,,,,,,,,,,,,,,,,,,Gain,,,,,,Gain,,,,,
cg06942742,,,,,,,Gain,,,,,,,,,,,,,,,,,,,,,,,,,,,,,,,,,,,,,,,,,,,Gain,,,,,,Gain,,,,,
cg07786254,,,,,,,Gain,,,,,,,,,,,,,,,,,,,,,,,,,,,,,,,,,,,,,,,,,,,Gain,,,,,,Gain,,,,,
cg08350509,,,,,,,,,,,,,,,,,,,,,,,,,,,,,,,,,,Loss,,,,,,,,,,,,,,,,Loss,,,Loss,,,,,,,,
cg09007470,,,,,,,Gain,,,,,,,,,,,,,,,,,,,,,,,,,,,,,,,,,,,,,,,,,,,Gain,,,,,,Gain,,,,,
cg09438457,,,,,,,Gain,,,,,,,,,,,,,,,,,,,,,,,,,,,,,,,,,,,,,,,,,,,Gain,,,,,,Gain,,,,,
cg10384482,,,,,,,,,,,,,,,,,,,,,,,,,,,,,,,,,,,,,,,,,,,,,,,,,,Gain,,,,,,Loss,,,,,
cg10503234,,,,,,,,,,,,,,,,,,,,,,,,,,,,,,,,,,Loss,,,,,,,,,,,,,,,,Gain,,,,,,,,,,,
cg10635122,,,,,,,Gain,,,,,,,,,,,,,,,,,,,,,,,,,,,,,,,,,,,,,,,,,,,Gain,,,,,,Gain,,,,,
cg10750464,,,,,,,,,,,,,,,,,,,,,,,,,,,,,,,,,,,,,,,,,,,,,,,,,,Gain,,,,,,,,,,,
cg11056604,,,,,,,,,,,,,,,,,,,,,,,,,,,,,,,,,,Gain,,,,,,,,,,,,,,,,Gain,,,,,,,,,,,
cg11237948,,,,,,,Gain,,,,,,,,,,,,,,,,,,,,,,,,,,,,,,,,,,,,,,,,,,,Gain,,,,,,Gain,,,,,
cg11738485,,,,,,,,,,,,,,,,,,,,,,,,,,,,,,,,,,,,,,,,,,,,,,,,,,Gain,,,,,,Loss,,,,,
cg11773468,,,,,,,Gain,,,,,,,,,,,,,,,,,,,,,,,,,,,,,,,,,,,,,,,,,,,Gain,,,,,,Gain,,,,,
cg12068280,,,,,,,Gain,,,,,,,,,,,,,,,,,,,,,,,,,,,,,,,,,,,,,,,,,,,Gain,,,,,,Gain,,,,,
cg12216477,,,,,,,Gain,,,,,,,,,,,,,,,,,,,,,,,,,,,,,,,,,,,,,,,,,,,Gain,,,,,,Gain,,,,,
cg12289045,,,,,,,Gain,,,,,,,,,,,,,,,,,,,,,,,,,,,,,,,,,,,,,,,,,,,Gain,,,,,,Gain,,,,,
cg13617776,,,,,,,,,,,,,,,,,,,,,,,,,,,,,,,,,,Loss,,,,,,,,,,,,,,,,Loss,,,,,,,,,,,
cg14021871,,,,,,,,,,,,,,,,,,,,,,,,,,,,,,,,,,Loss,,,,,,,,,,,,,,,,Gain,,,,,,,,,,,
cg14061069,,,,,,,Gain,,,,,,,,,,,,,,,,,,,,,,,,,,,,,,,,,,,,,,,,,,,Gain,,,,,,Gain,,,,,
cg14111332,,,,,,,,,,,,,,,,,,,,,,,,,,,,,,,,,,Loss,,,,,,,,,,,,,,,,,,,,,,,,,,,
cg14265502,,,,,,,,,,,,,,,,,,,,,,,,,,,,,,,,,,Loss,,,,,,,,,,,,,,,,Gain,,,,,,,,,,,
cg14780446,,,,,,,Gain,,,,,,,,,,,,,,,,,,,,,,,,,,,,,,,,,,,,,,,,,,,Gain,,,,,,Gain,,,,,
cg14881601,,,,,,,Gain,,,,,,,,,,,,,,,,,,,,,,,,,,,,,,,,,,,,,,,,,,,Gain,,,,,,Gain,,,,,
cg14887613,,,,,,,,,,,,,,,,,,,,,,,,,,,,,,,,,,Loss,,,,,,,,,,,,,,,,Gain,,,,,,,,,,,
cg15002904,,,,,,,,,,,,,,,,,,,,,,,,,,,,,,,,,,Loss,,,,,,,,,,,,,,,,,,,,,,,,,,,
cg15010352,,,,,,,,,,,,,,,,,,,,,,,,,,,,,,,,,,,,,,,,,,,,,,,,,,Gain,,,,,,Loss,,,,,
cg15043935,,,,,,,,,,,,,,,,,,,,,,,,,,,,,,,,,,Loss,,,,,,,,,,,,,,,,Loss,,,,,,,,,,,
cg15050529,,,,,,,,,,,,,,,,,,,,,,,,,,,,,,,,,,,,,,,,,,,,,,,,,,Gain,,,,,,,,,,,
cg15061569,,,,,,,Gain,,,,,,,,,,,,,,,,,,,,,,,,,,,,,,,,,,,,,,,,,,,Gain,,,,,,Gain,,,,,
cg15173319,,,,,,,Gain,,,,,,,,,,,,,,,,,,,,,,,,,,,,,,,,,,,,,,,,,,,Gain,,,,,,Gain,,,,,
cg15255455,,,,,,,,,,,,,,,,,,,,,,,,,,,,,,,,,,Loss,,,,,,,,,,,,,,,,Loss,,,Loss,,,,,,,,
cg15428479,,,,,,,,,,,,,,,,,,Loss,,,,,,,,,,,,,,,,Loss,,,,,,,,,,,,,,,,Gain,,,,,,Loss,,,,,
cg15636087,,,,,,,Gain,,,,,,,,,,,,,,,,,,,,,,,,,,,,,,,,,,,,,,,,,,,Gain,,,,,,Gain,,,,,
cg15721243,,,,,,,Gain,,,,,,,,,,,,,,,,,,,,,,,,,,,,,,,,,,,,,,,,,,,Gain,,,,,,Gain,,,,,
cg16194588,,,,,,,Gain,,,,,,,,,,,,,,,,,,,,,,,,,,,,,,,,,,,,,,,,,,,Gain,,,,,,Gain,,,,,
cg16701007,,,,,,,,,,,,,,,,,,,,,,,,,,,,,,,,,,Loss,,,,,,,,,,,,,,,,Gain,,,,,,,,,,,
cg17069873,,,,,,,Gain,,,,,,,,,,,,,,,,,,,,,,,,,,,,,,,,,,,,,,,,,,,Gain,,,,,,Gain,,,,,
cg17071417,,,,,,,Gain,,,,,,,,,,,,,,,,,,,,,,,,,,,,,,,,,,,,,,,,,,,Gain,,,,,,Gain,,,,,
cg17490089,,,,,,,,,,,,,,,,,,,,,,,,,,,,,,,,,,Gain,,,,,,,,,,,,,,,,Gain,,,,,,,,,,,
cg17716663,,,,,,,Gain,,,,,,,,,,,,,,,,,,,,,,,,,,,,,,,,,,,,,,,,,,,Gain,,,,,,Gain,,,,,
cg17729891,,,,,,,Gain,,,,,,,,,,,,,,,,,,,,,,,,,,,,,,,,,,,,,,,,,,,Gain,,,,,,Gain,,,,,
cg17969123,,,,,,,,,,,,,,,,,,Loss,,,,,,,,,,,,,,,,Loss,,,,,,,,,,,,,,,,Gain,,,,,,Loss,,,,,
cg18458353,,,,,,,Gain,,,,,,,,,,,,,,,,,,,,,,,,,,,,,,,,,,,,,,,,,,,Gain,,,,,,Gain,,,,,
cg18741372,,,,,,,Gain,,,,,,,,,,,,,,,,,,,,,,,,,,,,,,,,,,,,,,,,,,,Gain,,,,,,Gain,,,,,
cg18861015,,,,,,,Gain,,,,,,,,,,,,,,,,,,,,,,,,,,,,,,,,,,,,,,,,,,,Gain,,,,,,Gain,,,,,
cg19014858,,,,,,,Gain,,,,,,,,,,,,,,,,,,,,,,,,,,,,,,,,,,,,,,,,,,,Gain,,,,,,Gain,,,,,
cg19492423,,,,,,,,,,,,,,,,,,Loss,,,,,,,,,,,,,,,,Loss,,,,,,,,,,,,,,,,Gain,,,,,,Loss,,,,,
cg19851487,,,,,,,Gain,,,,,,,,,,,,,,,,,,,,,,,,,,,,,,,,,,,,,,,,,,,Gain,,,,,,Gain,,,,,
cg19870717,,,,,,,,,,,,,,,,,,,,,,,,,,,,,,,,,,Loss,,,,,,,,,,,,,,,,,,,,,,,,,,,
cg19907366,,,,,,,,,,,,,,,,,,,,,,,,,,,,,,,,,,Loss,,,,,,,,,,,,,,,,Gain,,,,,,,,,,,
cg20467412,,,,,,,,,,,,,,,,,,,,,,,,,,,,,,,,,,Loss,,,,,,,,,,,,,,,,Loss,,,,,,,,,,,
cg20587168,,,,,,,,,,,,,,,,,,,,,,,,,,,,,,,,,,Gain,,,,,,,,,,,,,,,,Gain,,,,,,,,,,,
cg21198638,,,,,,,Gain,,,,,,,,,,,,,,,,,,,,,,,,,,,,,,,,,,,,,,,,,,,Gain,,,,,,Gain,,,,,
cg21723184,,,,,,,Gain,,,,,,,,,,,,,,,,,,,,,,,,,,,,,,,,,,,,,,,,,,,Gain,,,,,,Gain,,,,,
cg22331349,,,,,,,Gain,,,,,,,,,,,,,,,,,,,,,,,,,,,,,,,,,,,,,,,,,,,Gain,,,,,,Gain,,,,,
cg22376864,,,,,,,Gain,,,,,,,,,,,,,,,,,,,,,,,,,,,,,,,,,,,,,,,,,,,Gain,,,,,,Gain,,,,,
cg22548353,,,,,,,,,,,,,,,,,,,,,,,,,,,,,,,,,,,,,,,,,,,,,,,,,,Gain,,,,,,Gain,,,,,
cg22603450,,,,,,,,,,,,,,,,,,,,,,,,,,,,,,,,,,Loss,,,,,,,,,,,,,,,,Gain,,,,,,,,,,,
cg23448153,,,,,,,Gain,,,,,,,,,,,,,,,,,,,,,,,,,,,,,,,,,,,,,,,,,,,Gain,,,,,,Gain,,,,,
cg23671699,,,,,,,,,,,,,,,,,,,,,,,,,,,,,,,,,,Loss,,,,,,,,,,,,,,,,Loss,,,,,,,,,,,
cg23899408,,,,,,,,,,,,,,,,,,,,,,,,,,,,,,,,,,,,,,,,,,,,,,,,,,Gain,,,,,,Loss,,,,,
cg24084706,,,,,,,,,,,,,,,,,,,,,,,,,,,,,,,,,,Loss,,,,,,,,,,,,,,,,Loss,,,Loss,,,,,,,,
cg24794228,,,,,,,Gain,,,,,,,,,,,,,,,,,,,,,,,,,,,,,,,,,,,,,,,,,,,Gain,,,,,,Gain,,,,,
cg25506915,,,,,,,,,,,,,,,,,,,,,,,,,,,,,,,,,,Gain,,,,,,,,,,,,,,,,Gain,,,,,,,,,,,
cg25786696,,,,,,,Gain,,,,,,,,,,,,,,,,,,,,,,,,,,,,,,,,,,,,,,,,,,,Gain,,,,,,Gain,,,,,
cg26643967,,,,,,,,,,,,,,,,,,,,,,,,,,,,,,,,,,,,,,,,,,,,,,,,,,Gain,,,,,,Gain,,,,,
cg26651782,,,,,,,Gain,,,,,,,,,,,,,,,,,,,,,,,,,,,,,,,,,,,,,,,,,,,Gain,,,,,,Gain,,,,,
cg26914865,,,,,,,Loss,,,,,,,,,,,,,,,,,,,,,,,,,,,,,,,,,,,,,,,,,,,Gain,,,,,,,,,,,
cg26920327,,,,,,,Gain,,,,,,,,,,,,,,,,,,,,,,,,,,,,,,,,,,,,,,,,,,,Gain,,,,,,Gain,,,,,
cg27331471,,,,,,,Gain,,,,,,,,,,,,,,,,,,,,,,,,,,,,,,,,,,,,,,,,,,,Gain,,,,,,Gain,,,,,
cg27555894,,,,,,,,,,,,,,,,,,,,,,,,,,,,,,,,,,Loss,,,,,,,,,,,,,,,,Loss,,,,,,,,,,,
cg00216901,Loss,,,,,,,,,,,,,,,Loss,,,,,,,,,,,,,,,,,,,,,,,Loss,,,,,,,,Loss,,,,,,,,,,,Loss,,,
cg00237512,,,,,,,,,,,,,,,,,,,,,,,,,,,,,,,,,,,,,,,,,,,,,,,,,,,,,,,,,,,,,
cg01735357,,,,,,,,,,,,,,,,,,,,,,,,,,,,,,,,,,,,,,,,,,,,,,,,,,,,,,,,,,,,,
cg02174884,Loss,,,,,,,,,,,,,,,,,,,,,,,,,,,,,,,,,,,,,,Loss,,,,,,,,Loss,,,,,,,,,,,Loss,,,
cg02519263,,,,,,,,,,,,,,,,,,,,,,,,,,,,,,,,,,,,,,,,,,,,,,,,,,,,,,,,,,,,,
cg02544614,,,,,,,,,,,,,,,,,,,,,,,,,,,,,,,,,,,,,,,,,,,,,,,,,,,,,,,,,,,,,
cg03173827,,,,,,,,,,,,,,,,,,,,,,,,,,,,,,,,,,,,,,,,,,,,,,,,,,,,,,,,,,,,,
cg03539340,Loss,,,,,,,,,,,,,,,,,,,,,,,,,,,,,,,,,,,,,,Loss,,,,,,,,Loss,,,,,,,,,,,Loss,,,
cg04307107,,,,,,,,,,,,,,,,,,,,,,,,,,,,,,,,,,,,,,,,,,,,,,,,,,,,,,,,,,Loss,,,
cg05139523,Loss,,,,,,,,,,,,,,,,,,,,,,,,,,,,,,,,,,,,,,Loss,,,,,,,,Loss,,,,,,,,,,,Loss,,,
cg05386230,,,,,,,,,,,,,,,,,,,,,,,,,,,,,,,,,,,,,,,,,,,,,,,,,,,,,,,,,,,,,
cg05389922,,,,,,,,,,,,,,,,,,,,,,,,,,,,,,,,,,,,,,,,,,,,,,,,,,,,,,,,,,,,,
cg08389814,,,,,,,,,,,,,,,,,,,,,,,,,,,,,,,,,,,,,,,,,,,,,,,,,,,,,,,,,,,,,
cg08424491,,,,,,,,,,,,,,,,,,,,,,,,,,,,,,,,,,,,,,,,,,,,,,,,,,,,,,,,,,,,,
cg09123507,,,,,,,,,,,,,,,,,,,,,,,,,,,,,,,,,,,,,,,,,,,,,,,,,,,,,,,,,,,,,
cg09607548,Loss,,,,,,,,,,,,,,,,,,,,,,,,,,,,,,,,,,,,,,Loss,,,,,,,,Loss,,,,,,,,,,,Loss,,,
cg09990613,,,,,,,,,,,,,,,,,,,,,,,,,,,,,,,,,,,,,,,,,,,,,,,,,,,,,,,,,,,,,
cg10797197,,,,,,,,,,,,,,,,,,,,,,,,,,,,,,,,,,,,,,,,,,,,,,,,,,,,,,,,,,,,,
cg11133732,,,,,,,,,,,,,,,,,,,,,,,,,,,,,,,,,,,,,,,,,,,,,,,,,,,,,,,,,,,,,
cg11598935,,,,,,,,,,,,,,,,,,,,,,,,,,,,,,,,,,,,,,,,,,,,,,,,,,,,,,,,,,Loss,,,
cg12751644,,,,,,,,,,,,,,,,,,,,,,,,,,,,,,,,,,,,,,,,,,,,,,,,,,,,,,,,,,,,,
cg13928427,,,,,,,,,,,,,,,,,,,,,,,,,,,,,,,,,,,,,,,,,,,,,,,,,,,,,,,,,,Loss,,,
cg17029694,,,,,,,,,,,,,,,,,,,,,,,,,,,,,,,,,,,,,,,,,,,,,,,,,,,,,,,,,,,,,
cg17083925,Loss,,,,,,,,,,,,,,,Loss,,,,,,,,,,,,,,,,,,,,,,,Loss,,,,,,,,Loss,,,,,,,,,,,Loss,,,
cg18282375,,,,,,,,,,,,,,,,,,,,,,,,,,,,,,,,,,,,,,,,,,,,,,,,,,,,,,,,,,,,,
cg19348676,Loss,,,,,,,,,,,,,,,,,,,,,,,,,,,,,,,,,,,,,,Loss,,,,,,,,Loss,,,,,,,,,,,Loss,,,
cg20102019,,,,,,,,,,,,,,,,,,,,,,,,,,,,,,,,,,,,,,,,,,,,,,,,,,,,,,,,,,,,,
cg20964064,,,,,,,,,,,,,,,,,,,,,,,,,,,,,,,,,,,,,,,,,,,,,,,,,,,,,,,,,,,,,
cg22463915,,,,,,,,,,,,,,,,,,,,,,,,,,,,,,,,,,,,,,,,,,,,,,,,,,,,,,,,,,,,,
cg23303369,Loss,,,,,,,,,,,,,,,,,,,,,,,,,,,,,,,,,,,,,,Loss,,,,,,,,Loss,,,,,,,,,,,Loss,,,
cg24818238,,,,,,,,,,,,,,,,,,,,,,,,,,,,,,,,,,,,,,,,,,,,,,,,,,,,,,,,,,,,,
cg01481690,,,,,,,,,,,,,,,,,,,,,,,,,,,,,,,,,,,,,,,,Gain,,,,,,,,,,,,,,,,,,,,,
cg08431893,Loss,,,,,,,,,,,,,,,,,,,,,,,,,,,,,,,,,,,,,,,Gain,,,,,,,,,,,,,,,,,,,,,
cg09374293,Loss,,,,,,,,,,,,,,,,,,,,,,,,,,,,,,,,,,,,,,,Gain,,,,,,,,,,,,,,,,,,,,,
cg09417038,Loss,,,,,,,,,,,,,,,,,,,,,,,,,,,,,,,,,,,,,,,Gain,,,,,,,,,,,,,,,,,,,,,
cg11113589,Loss,,,,,,,,,,,,,,,,,,,,,,,,,,,,,,,,,,,,,,,Gain,,,,,,,,,,,,,,,,,,,,,
cg16501323,Loss,,,,,,,,,,,,,,,,,,,,,,,,,,,,,,,,,,,,,,,Gain,,,,,,,,,,,,,,,,,,,,,
cg17356252,Loss,,,,,,,,,,,,,,,,,,,,,,,,,,,,,,,,,,,,,,,Gain,,,,,,,,,,,,,,,,,,,,,
cg25421566,,,,,,,,,,,,,,,,,,,,,,,,,,,,,,,,,,,,,,,,Gain,,,,,,,,,,,,,,,,,,,,,
cg00276389,,,,,,,,,,,,,,,,,,,,,,,,Loss,,,,,,,,,,,,,,,,,,,,,,,,,,Loss,,,,,,,,,,,
cg00610021,,,,,,,,,,,,,,,,,,,,,,,Loss,Loss,,,,,,,,,,,,,,,,,,,,,,,,,,,,,,,,,,,,,
cg01704580,,,,,,,,,,,,,,,,,,,,,,,,Loss,,,,,,,,,,,,,,,,,,,,,,,,,,Loss,,,,,,,,,,,
cg03688400,,,,,,,,,,,,,,,,Loss,,,,,,,,Loss,,,,,,,,,,,,,,,,,,,,,,,,,,Loss,,,,,,,,,,,
cg06781532,,,,,,,,,,,,,,,,Loss,,,,,,,,Loss,,,,,,,,,,,,,,,,,,,,,,,,,,High Copy Gain,,,,,,,,,,,
cg06942979,,,,,,,,,,,,Loss,,,,,,,,,,,,Loss,,,,,,,,,,,,,,,,,,,,,,,,,,Gain,,,,,,,,,Loss,,
cg06961233,,,,,,,,,,,,,,,,,,,,,,,,Loss,,,,,,,,,,,,,,,,,,,,,,,,,,Gain,,,,,,,,,,,
cg07331806,,,,,,,,,,,,,,,,,,,,,,,,Loss,,,,,,,,,,,,,,,,,,,,,,,,,,Gain,,,,,,,,,,,
cg07459594,,,,,,,,,,,,Loss,,,,,,,,,,,,Loss,,,,,,,,,,,,,,,,,,,,,,,,,,Gain,,,,,,,,,Loss,,
cg08178168,,,,,,,,,,,,,,,,,,,,,,,,Loss,,,,,,,,,,,,,,,,,,,,,,,,,,Loss,,,,,,,,,,,
cg09696535,,,,,,,,,,,,Loss,,,,,,,,,,,,Loss,,,,,,,,,,,,,,,,,,,,,,,,,,Loss,,,,,,,,,Loss,,
cg11141652,,,,,,,,,,,,Loss,,,,,,,,,,,,Loss,,,,,,,,,,,,,,,,,,,,,,,,,,Gain,,,,,,,,,,,
cg15498409,,,,,,,,,,,,,,,,,,,,,,,,Loss,,,,,,,,,,,,,,,,,,,,,,,,,,Gain,,,,,,,,,,,
cg16210088,,,,,,,,,,,,Loss,,,,,,,,,,,,Loss,,,,,,,,,,,,,,,,,,,,,,,,,,Gain,,,,,,,,,Loss,,
cg18982625,,,,,,,,,,,,,,,,,,,,,,,Loss,Loss,,,,,,,,,,,,,,,,,,,,,,,,,,High Copy Gain,,,,,,,,,,,
cg20548231,,,,,,,,,,,,Loss,,,,,,,,,,,,Loss,,,,,,,,,,,,,,,,,,,,,,,,,,Gain,,,,,,,,,Loss,,
cg21401457,,,,,,,,,,,,,,,,,,,,,,,,Loss,,,,,,,,,,,,,,,,,,,,,,,,,,Gain,,,,,,,,,,,
cg24435209,,,,,,,,,,,,,,,,,,,,,,,,Loss,,,,,,,,,,,,,,,,,,,,,,,,,,Gain,,,,,,,,,,,
cg25163076,,,,,,,,,,,,,,,,,,,,,,,,Loss,,,,,,,,,,,,,,,,,,,,,,,,,,Gain,,,,,,,,,,,
cg26730347,,,,,,,,,,,,Loss,,,,,,,,,,,,Loss,,,,,,,,,,,,,,,,,,,,,,,,,,Loss,,,,,,,,,Loss,,
